name,valid_alphas,seq,head,resolution,deposition_date,release_date,structure_method,seqres,seqlen,holo
1ael.A.pdb,131,AFDGTWKVDRNENYEKFMEKMGINVVKRKLGAHDNLKLTITQEGNKFTVKESSNFRNIDVVFELGVDFAYSLADGTELTGTWTMEGNKLVGKFKRVDNGKELIAVREISGNELIQTYTYEGVEAKRIFKKE,lipid binding protein,,1996-07-30,1997-04-01,solution nmr,AFDGTWKVDRNENYEKFMEKMGINVVKRKLGAHDNLKLTITQEGNKFTVKESSNFRNIDVVFELGVDFAYSLADGTELTGTWTMEGNKLVGKFKRVDNGKELIAVREISGNELIQTYTYEGVEAKRIFKKE,131,1ure.A.pdb
1bv2.A.pdb,91,ITCGQVNSAVGPCLTYARGGAGPSAACCSGVRSLKAAASTTADRRTACNCLKNAARGIKGLNAGNAASIPSKCGVSVPYTISASIDCSRVS,lipid binding protein,,1998-09-21,1999-05-18,solution nmr,ITCGQVNSAVGPCLTYARGGAGPSAACCSGVRSLKAAASTTADRRTACNCLKNAARGIKGLNAGNAASIPSKCGVSVPYTISASIDCSRVS,91,1uvb.A.pdb
1c54.A.pdb,96,DVSGTVCLSALPPEATDTLNLIASDGPFPYSQDGVVFQNRESVLPTQSYGYYHEYTVITPGARTRGTRRIITGEATQEDYYTGDHYATFSLIDQTC,hydrolase,,1999-10-22,2001-11-28,solution nmr,DVSGTVCLSALPPEATDTLNLIASDGPFPYSQDGVVFQNRESVLPTQSYGYYHEYTVITPGARTRGTRRIITGEATQEDYYTGDHYATFSLIDQTC,96,1rgh.B.pdb
1eal.A.pdb,127,AFTGKYEIESEKNYDEFMKRLALPSDAIDKARNLKIISEVKQDGQNFTWSQQYPGGHSITNTFTIGKECDIETIGGKKFKATVQMEGGKVVVNSPNYHHTAEIVDGKLVEVSTVGGVSYERVSKKLA,fatty acid binding protein,,1996-08-28,1997-01-22,solution nmr,AFTGKYEIESEKNYDEFMKRLALPSDAIDKARNLKIISEVKQDGQNFTWSQQYPGGHSITNTFTIGKECDIETIGGKKFKATVQMEGGKVVVNSPNYHHTAEIVDGKLVEVSTVGGVSYERVSKKLA,127,1eio.A.pdb
1f3y.A.pdb,165,GPLGSMDSPPEGYRRNVGICLMNNDKKIFAASRLDIPDAWQMPQGGIDEGEDPRNAAIRELREETGVTSAEVIAEVPYWLTYDFPPKVREKLNIQWGSDWKGQAQKWFLFKFTGQDQEINLLGDGSEKPEFGEWSWVTPEQLIDLTVEFKKPVYKEVLSVFAPHL,hydrolase,,2000-06-06,2001-06-06,solution nmr,GPLGSMDSPPEGYRRNVGICLMNNDKKIFAASRLDIPDAWQMPQGGIDEGEDPRNAAIRELREETGVTSAEVIAEVPYWLTYDFPPKVREKLNIQWGSDWKGQAQKWFLFKFTGQDQEINLLGDGSEKPEFGEWSWVTPEQLIDLTVEFKKPVYKEVLSVFAPHL,165,1jkn.A.pdb
1fmf.A.pdb,137,MEKKTIVLGVIGSDCHAVGNKILDHSFTNAGFNVVNIGVLSSQEDFINAAIETKADLICVSSLYGQGEIDCKGLREKCDEAGLKGIKLFVGGNIVVGKQNWPDVEQRFKAMGFDRVYPPGTSPETTIADMKEVLGVE,isomerase,,2000-08-17,2002-02-15,solution nmr,MEKKTIVLGVIGSDCHAVGNKILDHSFTNAGFNVVNIGVLSSQEDFINAAIETKADLICVSSLYGQGEIDCKGLREKCDEAGLKGIKLFVGGNIVVGKQNWPDVEQRFKAMGFDRVYPPGTSPETTIADMKEVLGVE,137,1id8.A.pdb
1gh1.A.pdb,90,IDCGHVDSLVRPCLSYVQGGPGPSGQCCDGVKNLHNQARSQSDRQSACNCLKGIARGIHNLNEDNARSIPPKCGVNLPYTISLNIDCSRV,lipid binding protein,,2000-10-29,2000-11-22,solution nmr,IDCGHVDSLVRPCLSYVQGGPGPSGQCCDGVKNLHNQARSQSDRQSACNCLKGIARGIHNLNEDNARSIPPKCGVNLPYTISLNIDCSRV,90,1cz2.A.pdb
1gqn.A.pdb,252,MKTVTVKNLIIGEGMPKIIVSLMGRDINSVKAEALAYREATFDILEWRVDHFMDIASTQSVLTAARVIRDAMPDIPLLFTFRSAKEGGEQTITTQHYLTLNRAAIDSGLVDMIDLELFTGDADVKATVDYAHAHNVYVVMSNHDFHQTPSAEEMVSRLRKMQALGADIPKIAVMPQSKHDVLTLLTATLEMQQHYADRPVITMSMAKEGVISRLAGEVFGSAATFGAVKQASAPGQIAVNDLRSVLMILHNA,lyase,1.78,2001-11-26,2003-11-20,x-ray diffraction,MKTVTVKNLIIGEGMPKIIVSLMGRDINSVKAEALAYREATFDILEWRVDHFMDIASTQSVLTAARVIRDAMPDIPLLFTFRSAKEGGEQTITTQHYLTLNRAAIDSGLVDMIDLELFTGDADVKATVDYAHAHNVYVVMSNHDFHQTPSAEEMVSRLRKMQALGADIPKIAVMPQSKHDVLTLLTATLEMQQHYADRPVITMSMAKEGVISRLAGEVFGSAATFGAVKQASAPGQIAVNDLRSVLMILHNA,252,1qfe.B.pdb
1gqz.A.pdb,274,MQFSKMHGLGNDFVVVDGVTQNVFFTPETIRRLANRHCGIGFDQLLIVEAPYDPELDFHYRIFNADGSEVSQCGNGARCFARFVTLKGLTNKKDISVSTQKGNMVLTVKDDNQIRVNMGEPIWEPAKIPFTANKFEKNYILRTDIQTVLCGAVSMGNPHCVVQVDDIQTANVEQLGPLLESHERFPERVNAGFMQIINKEHIKLRVYERGAGETQACGSGACAAVAVGIMQGLLNNNVQVDLPGGSLMIEWNGVGHPLYMTGEATHIYDGFITL,isomerase,1.75,2001-12-07,2003-06-12,x-ray diffraction,MQFSKMHGLGNDFVVVDGVTQNVFFTPETIRRLANRHCGIGFDQLLIVEAPYDPELDFHYRIFNADGSEVSQCGNGARCFARFVTLKGLTNKKDISVSTQKGNMVLTVKDDNQIRVNMGEPIWEPAKIPFTANKFEKNYILRTDIQTVLCGAVSMGNPHCVVQVDDIQTANVEQLGPLLESHERFPERVNAGFMQIINKEHIKLRVYERGAGETQACGSGACAAVAVGIMQGLLNNNVQVDLPGGSLMIEWNGVGHPLYMTGEATHIYDGFITL,274,2gke.A.pdb
1hsi.B.pdb,99,PQFSLWKRPVVTAYIEGQPVEVLLDTGADDSIVAGIELGNNYSPKIVGGIGGFINTKEYKNVEIEVLNKKVRATIMTGDTPINIFGRNILTALGMSLNL,hydrolase (acid proteinase),2.5,1995-03-31,1996-04-03,x-ray diffraction,PQFSLWKRPVVTAYIEGQPVEVLLDTGADDSIVAGIELGNNYSPKIVGGIGGFINTKEYKNVEIEVLNKKVRATIMTGDTPINIFGRNILTALGMSLNL,99,1hsh.D.pdb
1i56.A.pdb,130,SKIFSKCELARKLKSMGMDGFHGYSLANWVCMAEYESNFNTQAFNGRNSNGSSDYGIFQLNSKWWCKSNSHSSANACNIMCSKFLDDNIDDDIACAKRVVKDPNGMSAWVAWVKHCKGKDLSKYLASCNL,hydrolase,,2001-02-25,2002-02-27,solution nmr,SKIFSKCELARKLKSMGMDGFHGYSLANWVCMAEYESNFNTQAFNGRNSNGSSDYGIFQLNSKWWCKSNSHSSANACNIMCSKFLDDNIDDDIACAKRVVKDPNGMSAWVAWVKHCKGKDLSKYLASCNL,130,1el1.A.pdb
1igp.A.pdb,175,SLLNVPAGKDLPEDIYVVIEIPANADPIKYEIDKESGALFVDRFMSTAMFYPCNYGYINHTLSLDGDPVDVLVPTPYPLQPGSVTRCRPVGVLKMTDEAGEDAKLVAVPHSKLSKEYDHIKDVNDLPELLKAQIAHFFEHYKDLEKGKWVKVEGWENAEAAKAEIVASFERAKNK,acid anhydride hydrolase,2.2,1994-08-01,1994-12-20,x-ray diffraction,SLLNVPAGKDLPEDIYVVIEIPANADPIKYEIDKESGALFVDRFMSTAMFYPCNYGYINHTLSLDGDPVDVLVPTPYPLQPGSVTRCRPVGVLKMTDEAGEDAKLVAVPHSKLSKEYDHIKDVNDLPELLKAQIAHFFEHYKDLEKGKWVKVEGWENAEAAKAEIVASFERAKNK,175,2au6.A.pdb
1jfj.A.pdb,134,MAEALFKEIDVNGDGAVSYEEVKAFVSKKRAIKNEQLLQLIFKSIDADGNGEIDQNEFAKFYGSIQGQDLSDDKIGLKVLYKLMDVDGDGKLTKEEVTSFFKKHGIEKVAEQVMKADANGDGYITLEEFLEFSL,metal binding protein,,2001-06-20,2001-12-19,solution nmr,MAEALFKEIDVNGDGAVSYEEVKAFVSKKRAIKNEQLLQLIFKSIDADGNGEIDQNEFAKFYGSIQGQDLSDDKIGLKVLYKLMDVDGDGKLTKEEVTSFFKKHGIEKVAEQVMKADANGDGYITLEEFLEFSL,134,1jfk.A.pdb
1k2h.A.pdb,93,GSELETAMETLINVFHAHSGKEGDKYKLSKKELKDLLQTELSSFLDVQKDADAVDKIMKELDENGDGEVDFQEFVVLVAALTVACNNFFWENS,metal binding protein,,2001-09-27,2002-02-13,solution nmr,GSELETAMETLINVFHAHSGKEGDKYKLSKKELKDLLQTELSSFLDVQKDADAVDKIMKELDENGDGEVDFQEFVVLVAALTVACNNFFWENS,93,1zfs.B.pdb
1lip.A.pdb,91,LNCGQVDSKMKPCLTYVQGGPGPSGECCNGVRDLHNQAQSSGDRQTVCNCLKGIARGIHNLNLNNAASIPSKCNVNVPYTISPDIDCSRIY,transfer protein,,1995-09-21,1996-03-08,solution nmr,LNCGQVDSKMKPCLTYVQGGPGPSGECCNGVRDLHNQAQSSGDRQTVCNCLKGIARGIHNLNLNNAASIPSKCNVNVPYTISPDIDCSRIY,91,1jtb.A.pdb
1mut.A.pdb,129,MKKLQIAVGIIRNENNEIFITRRAADAHMANKLEFPGGKIEMGETPEQAVVRELQEEVGITPQHFSLFEKLEYEFPDRHITLWFWLVERWEGEPWGKEGQPGEWMSLVGLNADDFPPANEPVIAKLKRL,dna repair,,1995-09-14,1996-04-03,solution nmr,MKKLQIAVGIIRNENNEIFITRRAADAHMANKLEFPGGKIEMGETPEQAVVRELQEEVGITPQHFSLFEKLEYEFPDRHITLWFWLVERWEGEPWGKEGQPGEWMSLVGLNADDFPPANEPVIAKLKRL,129,1pun.A.pdb
1mx7.A.pdb,134,PVDFNGYWKMLSNENFEEYLRALDVNVALRKIANLLKPDKEIVQDGDHMIIRTLSTFRNYIMDFQVGKEFEEDLTGIDDRKCMTTVSWDGDKLQCVQKGEKEGRGWTQWIEGDELHLEMRAEGVTCKQVFKKVH,lipid binding protein,,2002-10-01,2003-07-29,solution nmr,PVDFNGYWKMLSNENFEEYLRALDVNVALRKIANLLKPDKEIVQDGDHMIIRTLSTFRNYIMDFQVGKEFEEDLTGIDDRKCMTTVSWDGDKLQCVQKGEKEGRGWTQWIEGDELHLEMRAEGVTCKQVFKKVH,134,1mx8.A.pdb
1ntr.A.pdb,124,MQRGIVWVVDDDSSIRWVLERALAGAGLTCTTFENGNEVLAALASKTPDVLLSDIRMPGMDGLALLKQIKQRHPMLPVIIMTAHSDLDAAVSAYQQGAFDYLPKPFDIDEAVALVERAISHYQE,gene regulatory protein,,1994-09-16,1995-01-26,solution nmr,MQRGIVWVVDDDSSIRWVLERALAGAGLTCTTFENGNEVLAALASKTPDVLLSDIRMPGMDGLALLKQIKQRHPMLPVIIMTAHSDLDAAVSAYQQGAFDYLPKPFDIDEAVALVERAISHYQE,124,1krx.A.pdb
1o1u.A.pdb,127,AFTGKFEMESEKNYDEFMKLLGISSDVIEKARNFKIVTEVQQDGQDFTWSQHYSGGHTMTNKFTVGKESNIQTMGGKTFKATVQMEGGKLVVNFPNYHQTSEIVGDKLVEVSTIGGVTYERVSKRLA,lipid binding protein,,2003-02-10,2003-02-25,solution nmr,AFTGKFEMESEKNYDEFMKLLGISSDVIEKARNFKIVTEVQQDGQDFTWSQHYSGGHTMTNKFTVGKESNIQTMGGKTFKATVQMEGGKLVVNFPNYHQTSEIVGDKLVEVSTIGGVTYERVSKRLA,127,1o1v.A.pdb
1pdb.A.pdb,186,VGSLNCIVAVSQNMGIGKNGDLPWPPLRNEFRYFQRMTTTSSVEGKQNLVIMGKKTWFSIPEKNRPLKGRINLVLSRELKEPPQGAHFLSRSLDDALKLTEQPELANKVDMVWIVGGSSVYKEAMNHPGHLKLFVTRIMQDFESDTFFPEIDLEKYKLLPEYPGVLSDVQEEKGIKYKFEVYEKND,oxidoreductase,2.2,2003-05-19,2003-12-09,x-ray diffraction,VGSLNCIVAVSQNMGIGKNGDLPWPPLRNEFRYFQRMTTTSSVEGKQNLVIMGKKTWFSIPEKNRPLKGRINLVLSRELKEPPQGAHFLSRSLDDALKLTEQPELANKVDMVWIVGGSSVYKEAMNHPGHLKLFVTRIMQDFESDTFFPEIDLEKYKLLPEYPGVLSDVQEEKGIKYKFEVYEKND,186,1yho.A.pdb
1tfu.A.pdb,157,MTGAVCPGSFDPVTLGHVDIFERAAAQFDEVVVAILVNPAKTGMFDLDERIAMVKESTTHLPNLRVQVGHGLVVDFVRSCGMTAIVKGLRTGTDFEYELQMAQMNKHIAGVDTFFVATAPRYSFVSSSLAKEVAMLGGDVSELLPEPVNRRLRDRLN,transferase,1.99,2004-05-27,2004-09-14,x-ray diffraction,MTGAVCPGSFDPVTLGHVDIFERAAAQFDEVVVAILVNPAKTGMFDLDERIAMVKESTTHLPNLRVQVGHGLVVDFVRSCGMTAIVKGLRTGTDFEYELQMAQMNKHIAGVDTFFVATAPRYSFVSSSLAKEVAMLGGDVSELLPEPVNRRLRDRLN,157,3uc5.A.pdb
1tjd.A.pdb,216,DDAAIQQTLAKMGIKSSDIQPAPVAGMKTVLTNSGVLYITDDGKHIIQGPMYDVSGTAPVNVTNKMLLKQLNALEKEMIVYKAPQEKHVITVFTDITCGYCHKLHEQMADYNALGITVRYLAFPRQGLDSDAEKEMKAIWCAKDKNKAFDDVMAGKSVAPASCDVDIADHYALGVQLGVSGTPAVVLSNGTLVPGYQPPKEMKEFLDEHQKMTSGK,isomerase,2.5,2004-06-04,2004-10-05,x-ray diffraction,DDAAIQQTLAKMGIKSSDIQPAPVAGMKTVLTNSGVLYITDDGKHIIQGPMYDVSGTAPVNVTNKMLLKQLNALEKEMIVYKAPQEKHVITVFTDITCGYCHKLHEQMADYNALGITVRYLAFPRQGLDSDAEKEMKAIWCAKDKNKAFDDVMAGKSVAPASCDVDIADHYALGVQLGVSGTPAVVLSNGTLVPGYQPPKEMKEFLDEHQKMTSGK,216,1eej.B.pdb
1xsa.A.pdb,153,GPLGSMALRACGLIIFRRCLIPKVDNNAIEFLLLQASDGIHHWTPPKGHVEPGEDDLETALRATQEEAGIEAGQLTIIEGFKRELNYVARNKPKTVIYWLAEVKDYDVEIRLSHEHQAYRWLGLEEACQLAQFKEMKAALQEGHQFLCSIEAL,hydrolase,,2004-10-18,2004-12-21,solution nmr,GPLGSMALRACGLIIFRRCLIPKVDNNAIEFLLLQASDGIHHWTPPKGHVEPGEDDLETALRATQEEAGIEAGQLTIIEGFKRELNYVARNKPKTVIYWLAEVKDYDVEIRLSHEHQAYRWLGLEEACQLAQFKEMKAALQEGHQFLCSIEAL,153,1xsc.A.pdb
1z15.A.pdb,344,EDIKVAVVGAMSGPVAQYGDQEFTGAEQAVADINAKGGIKGNKLQIVKYDDACDPKQAVAVANKVVNDGIKYVIGHLCSSSTQPASDIYEDEGILMITPAATAPELTARGYQLILRTTGLDSDQGPTAAKYILEKVKPQRIAIVHDKQQYGEGLARAVQDGLKKGNANVVFFDGITAGEKDFSTLVARLKKENIDFVYYGGYHPEMGQILRQARAAGLKTQFMGPEGVANVSLSNIAGESAEGLLVTKPKNYDQVPANKPIVDAIKAKKQDPSGAFVWTTYAALQSLQAGLNQSDDPAEIAKYLKANSVDTVMGPLTWDEKGDLKGFEFGVFDWHANGTATDAK,transport protein,1.7,2005-03-03,2005-10-04,x-ray diffraction,EDIKVAVVGAMSGPVAQYGDQEFTGAEQAVADINAKGGIKGNKLQIVKYDDACDPKQAVAVANKVVNDGIKYVIGHLCSSSTQPASDIYEDEGILMITPAATAPELTARGYQLILRTTGLDSDQGPTAAKYILEKVKPQRIAIVHDKQQYGEGLARAVQDGLKKGNANVVFFDGITAGEKDFSTLVARLKKENIDFVYYGGYHPEMGQILRQARAAGLKTQFMGPEGVANVSLSNIAGESAEGLLVTKPKNYDQVPANKPIVDAIKAKKQDPSGAFVWTTYAALQSLQAGLNQSDDPAEIAKYLKANSVDTVMGPLTWDEKGDLKGFEFGVFDWHANGTATDAK,344,1z17.A.pdb
2cjo.A.pdb,97,ATYKVTLVRPDGSETTIDVPEDEYILDVAEEQGLDLPFSCRAGACSTCAGKLLEGEVDQSDQSFLDDDQIEKGFVLTCVAYPRSDCKILTNQEEELY,electron transport,,1997-02-06,1997-05-15,solution nmr,ATYKVTLVRPDGSETTIDVPEDEYILDVAEEQGLDLPFSCRAGACSTCAGKLLEGEVDQSDQSFLDDDQIEKGFVLTCVAYPRSDCKILTNQEEELY,97,1roe.A.pdb
2d9e.A.pdb,121,GSSGSSGFLILLRKTLEQLQEKDTGNIFSEPVPLSEVPDYLDHIKKPMDFFTMKQNLEAYRYLNFDDFEEDFNLIVSNCLKYNAKDTIFYRAAVRLREQGGAVLRQARRQAEKMGSGPSSG,transcription,,2005-12-09,2006-06-09,solution nmr,GSSGSSGFLILLRKTLEQLQEKDTGNIFSEPVPLSEVPDYLDHIKKPMDFFTMKQNLEAYRYLNFDDFEEDFNLIVSNCLKYNAKDTIFYRAAVRLREQGGAVLRQARRQAEKMGSGPSSG,121,2rs9.B.pdb
2f63.A.pdb,158,TVAYIAIGSNLASPLEQVNAALKALGDIPESHILTVSSFYRTPPLGPQDQPDYLNAAVALETSLAPEELLNHTQRIELQQGRVRKAERWGPRTLDLDIMLFGNEVINTERLTVPHYDMKNRGFMLWPLFEIAPELVFPDGEMLRQILHTRAFDKLNKW,transferase,,2005-11-28,2006-01-17,solution nmr,TVAYIAIGSNLASPLEQVNAALKALGDIPESHILTVSSFYRTPPLGPQDQPDYLNAAVALETSLAPEELLNHTQRIELQQGRVRKAERWGPRTLDLDIMLFGNEVINTERLTVPHYDMKNRGFMLWPLFEIAPELVFPDGEMLRQILHTRAFDKLNKW,158,1eqm.A.pdb
2fhm.A.pdb,91,MLQYRIIVDGRVQGVGFRYFVQMEADKRKLAGWVKNRDDGRVEILAEGPENALQSFVEAVKNGSPFSKVTDISVTESRSLEGHHRFSIVYS,hydrolase,,2005-12-26,2007-01-02,solution nmr,MLQYRIIVDGRVQGVGFRYFVQMEADKRKLAGWVKNRDDGRVEILAEGPENALQSFVEAVKNGSPFSKVTDISVTESRSLEGHHRFSIVYS,91,2hlt.A.pdb
2in2.A.pdb,182,GPNTEFALSLLRKNIMTITTSKGEFTGLGIHDRVCVIPTHAQPGDDVLVNGQKIRVKDKYKLVDPENINLELTVLTLDRNEKFRDIRGFISEDLEGVDATLVVHSNNFTNTILEVGPVTMAGLINLSSTPTNRMIRYDYATKTGQCGGVLCATGKIFGIHVGGNGRQGFSAQLKKQYFVEKQ,hydrolase,,2006-10-05,2006-10-24,solution nmr,GPNTEFALSLLRKNIMTITTSKGEFTGLGIHDRVCVIPTHAQPGDDVLVNGQKIRVKDKYKLVDPENINLELTVLTLDRNEKFRDIRGFISEDLEGVDATLVVHSNNFTNTILEVGPVTMAGLINLSSTPTNRMIRYDYATKTGQCGGVLCATGKIFGIHVGGNGRQGFSAQLKKQYFVEKQ,182,2b0f.A.pdb
2ju3.A.pdb,127,MNFSGKYQVQSQENFEPFMKAMGLPEDLIQKGKDIKGVSEIVHEGKKVKLTITYGSKVIHNEFTLGEECELETMTGEKVKAVVKMEGDNKMVTTFKGIKSVTEFNGDTITNTMTLGDIVYKRVSKRI,lipid binding protein,,2007-08-14,2007-11-20,solution nmr,MNFSGKYQVQSQENFEPFMKAMGLPEDLIQKGKDIKGVSEIVHEGKKVKLTITYGSKVIHNEFTLGEECELETMTGEKVKAVVKMEGDNKMVTTFKGIKSVTEFNGDTITNTMTLGDIVYKRVSKRI,127,2ju8.A.pdb
2jww.A.pdb,109,SMTDLLSAEDIKKAIGAFTAADSFDHKKFFQMVGLKKKSADDVKKVFHILDKDKSGFIEEDELGSILKGFSSDARDLSAKETKTLMAAGDKDGDGKIGVEEFSTLVAES,metal binding protein,,2007-10-25,2008-08-12,solution nmr,SMTDLLSAEDIKKAIGAFTAADSFDHKKFFQMVGLKKKSADDVKKVFHILDKDKSGFIEEDELGSILKGFSSDARDLSAKETKTLMAAGDKDGDGKIGVEEFSTLVAES,109,1rtp.1.pdb
2k43.A.pdb,133,YKKPKLLYCSNGGHFLRILPDGTVDGTRDRSDQHIQLQLSAESVGEVYIKSTETGQYLAMDTDGLLYGSQTPNEECLFLERLEENHYNTYISKKHAEKNWFVGLKKNGSCKRGPRTHYGQKAILFLPLPVSSD,protein transport,,2008-05-28,2009-06-02,solution nmr,YKKPKLLYCSNGGHFLRILPDGTVDGTRDRSDQHIQLQLSAESVGEVYIKSTETGQYLAMDTDGLLYGSQTPNEECLFLERLEENHYNTYISKKHAEKNWFVGLKKNGSCKRGPRTHYGQKAILFLPLPVSSD,133,2k8r.A.pdb
2l50.A.pdb,102,SDCYTELEKAVIVLVENFYKYVSKYSLVKNKISKSSFREMLQKELNHMLSDTGNRKAADKLIQNLDANHDGRISFDEYWTLIGGITGPIAKLIHEQEQQSSS,metal binding protein,,2010-10-22,2010-11-03,solution nmr,SDCYTELEKAVIVLVENFYKYVSKYSLVKNKISKSSFREMLQKELNHMLSDTGNRKAADKLIQNLDANHDGRISFDEYWTLIGGITGPIAKLIHEQEQQSSS,102,2l51.B.pdb
2l68.A.pdb,126,SFSGKYQLQSQENFEAFMKAIGLPEELIQKGKDIKGVSEIVQNGKHFKFTITAGSKVIQNEFTVGEECELETMTGEKVKTVVQLEGDNKLVTTFKNIKSVTELNGDIITNTMTLGDIVFKRISKRI,lipid binding protein,,2010-11-17,2011-11-23,solution nmr,SFSGKYQLQSQENFEAFMKAIGLPEELIQKGKDIKGVSEIVQNGKHFKFTITAGSKVIQNEFTVGEECELETMTGEKVKTVVQLEGDNKLVTTFKNIKSVTELNGDIITNTMTLGDIVFKRISKRI,126,2lkk.A.pdb
2lao.A.pdb,238,ALPQTVRIGTDTTYAPFSSKDAKGEFIGFDIDLGNEMCKRMQVKCTWVASDFDALIPSLKAKKIDAIISSLSITDKRQQEIAFSDKLYAADSRLIAAKGSPIQPTLESLKGKHVGVLQGSTQEAYANDNWRTKGVDVVAYANQDLIYSDLTAGRLDAALQDEVAASEGFLKQPAGKEYAFAGPSVKDKKYFGDGTGVGLRKDDTELKAAFDKALTELRQDGTYDKMAKKYFDFNVYGD,amino-acid binding protein,1.9,1993-02-25,1994-06-22,x-ray diffraction,ALPQTVRIGTDTTYAPFSSKDAKGEFIGFDIDLGNEMCKRMQVKCTWVASDFDALIPSLKAKKIDAIISSLSITDKRQQEIAFSDKLYAADSRLIAAKGSPIQPTLESLKGKHVGVLQGSTQEAYANDNWRTKGVDVVAYANQDLIYSDLTAGRLDAALQDEVAASEGFLKQPAGKEYAFAGPSVKDKKYFGDGTGVGLRKDDTELKAAFDKALTELRQDGTYDKMAKKYFDFNVYGD,238,1lah.E.pdb
2lhs.A.pdb,170,HGYVESPASRAYQCKLQLNTQCGSVQYEPQSVEGLKGFPQAGPADGHIASADKSTFFELDQQTPTRWNKLNLKTGPNSFTWKLTARHSTTSWRYFITKPNWDASQPLTRASFDLTPFCQFNDGGAIPAAQVTHQCNIPADRSGSHVILAVWDIADTANAFYQAIDVNLSK,chitin binding protein,,2011-08-15,2011-08-31,solution nmr,HGYVESPASRAYQCKLQLNTQCGSVQYEPQSVEGLKGFPQAGPADGHIASADKSTFFELDQQTPTRWNKLNLKTGPNSFTWKLTARHSTTSWRYFITKPNWDASQPLTRASFDLTPFCQFNDGGAIPAAQVTHQCNIPADRSGSHVILAVWDIADTANAFYQAIDVNLSK,170,2bem.A.pdb
2nln.A.pdb,108,SITDILSAEDIAAALQECQDPDTFEPQKFFQTSGLSKMSASQVKDIFRFIDNDQSGYLDGDELKYFLQKFQSDARELTESETKSLMDAADNDGDGKIGADEFQEMVHS,metal binding protein,,2006-10-20,2007-09-11,solution nmr,SITDILSAEDIAAALQECQDPDTFEPQKFFQTSGLSKMSASQVKDIFRFIDNDQSGYLDGDELKYFLQKFQSDARELTESETKSLMDAADNDGDGKIGADEFQEMVHS,108,1rro.A.pdb
2p3m.A.pdb,136,MVKLMIIEGEVVSGLGEGRYFLSLPPYKEIFKKILGFEPYEGTLNLKLDREFDINKFKYIETEDFEFNGKRFFGVKVLPIKILIGNKKIDGAIVVPKKTYHSSEIIEIIAPMKLREQFNLKDGDVIKILIKGDKDE,transferase,,2007-03-09,2007-10-09,solution nmr,MVKLMIIEGEVVSGLGEGRYFLSLPPYKEIFKKILGFEPYEGTLNLKLDREFDINKFKYIETEDFEFNGKRFFGVKVLPIKILIGNKKIDGAIVVPKKTYHSSEIIEIIAPMKLREQFNLKDGDVIKILIKGDKDE,136,2vbt.A.pdb
2uz5.A.pdb,137,FNKKADENKVKGEAFLTENKNKPGVVVLPSGLQYKVINSGNGVKPGKSDTVTVEYTGRLIDGTVFDSTEKTGKPATFQVSQVIPGWTEALQLMPAGSTWEIYVPSGLAYGPRSVGGPIGPNETLIFKIHLISVKKSS,isomerase,,2007-04-25,2007-06-12,solution nmr,FNKKADENKVKGEAFLTENKNKPGVVVLPSGLQYKVINSGNGVKPGKSDTVTVEYTGRLIDGTVFDSTEKTGKPATFQVSQVIPGWTEALQLMPAGSTWEIYVPSGLAYGPRSVGGPIGPNETLIFKIHLISVKKSS,137,2vcd.A.pdb
4ake.B.pdb,214,MRIILLGAPGAGKGTQAQFIMEKYGIPQISTGDMLRAAVKSGSELGKQAKDIMDAGKLVTDELVIALVKERIAQEDCRNGFLLDGFPRTIPQADAMKEAGINVDYVLEFDVPDELIVDRIVGRRVHAPSGRVYHVKFNPPKVEGKDDVTGEELTTRKDDQEETVRKRLVEYHQMTAPLIGYYSKEAEAGNTKYAKVDGTKPVAEVRADLEKILG,phosphotransferase,2.2,1995-12-29,1996-06-10,x-ray diffraction,MRIILLGAPGAGKGTQAQFIMEKYGIPQISTGDMLRAAVKSGSELGKQAKDIMDAGKLVTDELVIALVKERIAQEDCRNGFLLDGFPRTIPQADAMKEAGINVDYVLEFDVPDELIVDRIVGRRVHAPSGRVYHVKFNPPKVEGKDDVTGEELTTRKDDQEETVRKRLVEYHQMTAPLIGYYSKEAEAGNTKYAKVDGTKPVAEVRADLEKILG,214,2eck.B.pdb
1ija.A.pdb,148,MQAKPQIPKDKSKVAGYIEIPDADIKEPVYPGPATPEQLNRGVSFAEENESLDDQNISIAGHTFIDRPNYQFTNLKAAKKGSMVYFKVGNETRKYKMTSIRDVKPTDVGVLDEQKGKDKQLTLITCDDYNEKTGVWEKRKIFVATEVK,protein binding,,2001-04-25,2001-05-09,solution nmr,MQAKPQIPKDKSKVAGYIEIPDADIKEPVYPGPATPEQLNRGVSFAEENESLDDQNISIAGHTFIDRPNYQFTNLKAAKKGSMVYFKVGNETRKYKMTSIRDVKPTDVGVLDEQKGKDKQLTLITCDDYNEKTGVWEKRKIFVATEVK,148,2kid.A.pdb
1jm4.B.pdb,118,GSHMSKEPRDPDQLYSTLKSILQQVKSHQSAWPFMEPVKRTEAPGYYEVIRFPMDLKTMSERLKNRYYVSKKLFMADLQRVFTNCKEYNPPESEYYKCANILEKFFFSKIKEAGLIDK,transferase,,2001-07-17,2002-07-17,solution nmr,GSHMSKEPRDPDQLYSTLKSILQQVKSHQSAWPFMEPVKRTEAPGYYEVIRFPMDLKTMSERLKNRYYVSKKLFMADLQRVFTNCKEYNPPESEYYKCANILEKFFFSKIKEAGLIDK,118,1wum.A.pdb
1mo7.A.pdb,213,QNPMTVAHMWFDNQIHEADTTENQSGVSFDKTSATWFALSRIAGLCNRAVFQANQENLPILKRAVAGDASESALLKCIEVCCGSVMEMREKYTKIVEIPFNSTNKYQLSIHKNPNASEPKHLLVMKGAPERILDRCSSILLHGKEQPLDEELKDAFQNAYLELGGLGERVLGFCHLLLPDEQFPEGFQFDTDEVNFPVDNLCFVGLISMIDPP,hydrolase,,2002-09-08,2003-06-03,solution nmr,QNPMTVAHMWFDNQIHEADTTENQSGVSFDKTSATWFALSRIAGLCNRAVFQANQENLPILKRAVAGDASESALLKCIEVCCGSVMEMREKYTKIVEIPFNSTNKYQLSIHKNPNASEPKHLLVMKGAPERILDRCSSILLHGKEQPLDEELKDAFQNAYLELGGLGERVLGFCHLLLPDEQFPEGFQFDTDEVNFPVDNLCFVGLISMIDPP,213,1mo8.A.pdb
1skt.A.pdb,90,ASMTDQQAEARAFLSEEMIAEFKAAFDMFDADGGGDISTKELGTVMRMLGQNPTKEELDAIIEEVDEDGSGTIDFEEFLVMMVRQMKEDA,calcium-binding protein,,1998-04-06,1998-12-09,solution nmr,ASMTDQQAEARAFLSEEMIAEFKAAFDMFDADGGGDISTKELGTVMRMLGQNPTKEELDAIIEEVDEDGSGTIDFEEFLVMMVRQMKEDA,90,1tnq.A.pdb
1sym.B.pdb,92,MSELEKAMVALIDVFHQYSGREGDKHKLKKSELKELINNELSHFLEEIKEQEVVDKVMETLDEDGDGECDFQEFMAFVSMVTTACHEFFEHE,calcium-binding protein,,1996-05-29,1996-12-07,solution nmr,MSELEKAMVALIDVFHQYSGREGDKHKLKKSELKELINNELSHFLEEIKEQEVVDKVMETLDEDGDGECDFQEFMAFVSMVTTACHEFFEHE,92,1xyd.B.pdb
1w4u.A.pdb,147,MALKRIHKELNDLARDPPAQCSAGPVGDDMFHWQATIMGPNDSPYQGGVFFLTIHFPTDYPFKPPKVAFTTRIYHPNINSNGSICLDILRSQWSPALTISKVLLSICSLLCDPNPDDPLVPEIARIYKTDREKYNRIAREWTQKYAM,ligase,,2004-07-29,2004-11-10,solution nmr,MALKRIHKELNDLARDPPAQCSAGPVGDDMFHWQATIMGPNDSPYQGGVFFLTIHFPTDYPFKPPKVAFTTRIYHPNINSNGSICLDILRSQWSPALTISKVLLSICSLLCDPNPDDPLVPEIARIYKTDREKYNRIAREWTQKYAM,147,1ur6.A.pdb
2kxl.A.pdb,142,GSQEVRRGDFVRNWQLVAAVPLFQKLGPAVLVEIVRALRARTVPAGAVICRIGEPGDRMFFVVEGSVSVATPNPVELGPGAFFGEMALISGEPRSATVSAATTVSLLSLHSADFQMLCSSSPEIAEIFRKTALERRGAAASA,membrane protein,,2010-05-10,2011-04-20,solution nmr,GSQEVRRGDFVRNWQLVAAVPLFQKLGPAVLVEIVRALRARTVPAGAVICRIGEPGDRMFFVVEGSVSVATPNPVELGPGAFFGEMALISGEPRSATVSAATTVSLLSLHSADFQMLCSSSPEIAEIFRKTALERRGAAASA,142,2k0g.A.pdb
2lkc.A.pdb,178,GSHMVERPPVVTIMGHVDHGKTTLLDAIRHSKVTEQEAGGITQHIGAYQVTVNDKKITFLDTPGHEAFTTMRARGAQVTDIVILVVAADDGVMPQTVEAINHAKAANVPIIVAINKMDKPEANPDRVMQELMEYNLVPEEWGGDTIFCKLSAKTKEGLDHLLEMILLVSEMEELKANP,translation,,2011-10-10,2012-02-15,solution nmr,GSHMVERPPVVTIMGHVDHGKTTLLDAIRHSKVTEQEAGGITQHIGAYQVTVNDKKITFLDTPGHEAFTTMRARGAQVTDIVILVVAADDGVMPQTVEAINHAKAANVPIIVAINKMDKPEANPDRVMQELMEYNLVPEEWGGDTIFCKLSAKTKEGLDHLLEMILLVSEMEELKANP,178,2lkd.A.pdb
1lmz.A.pdb,187,MERCGWVSQDPLYIAYHDNEWGVPETDSKKLFEMICLEGQQAGLSWITVLKKRENYRACFHQFDPVKVAAMQEEDVERLVQDAGIIRHRGKIQAIIGNARAYLQMEQNGEPFADFVWSFVNHQPQMTQATTLSEIPTSTPASDALSKALKKRGFKFVGTTICYSFMQACGLVNDHVVGCCCYPGNKP,hydrolase,,2002-05-02,2002-08-28,solution nmr,MERCGWVSQDPLYIAYHDNEWGVPETDSKKLFEMICLEGQQAGLSWITVLKKRENYRACFHQFDPVKVAAMQEEDVERLVQDAGIIRHRGKIQAIIGNARAYLQMEQNGEPFADFVWSFVNHQPQMTQATTLSEIPTSTPASDALSKALKKRGFKFVGTTICYSFMQACGLVNDHVVGCCCYPGNKP,187,1p7m.A.pdb
2cg7.A.pdb,90,AEETCFDKYTGNTYRVGDTYERPKDSMIWDCTCIGAGRGRISCTIANRCHEGGQSYKIGDTWRRPHETGGYMLECVCLGNGKGEWTCKPI,signaling protein,1.2,2006-02-27,2007-02-27,x-ray diffraction,AEETCFDKYTGNTYRVGDTYERPKDSMIWDCTCIGAGRGRISCTIANRCHEGGQSYKIGDTWRRPHETGGYMLECVCLGNGKGEWTCKPI,90,2cg6.A.pdb
1urp.D.pdb,271,KDTIALVVSTLNNPFFVSLKDGAQKEADKLGYNLVVLDSQNNPAKELANVQDLTVRGTKILLINPTDSDAVGNAVKMANQANIPVITLDRQATKGEVVSHIASDNVLGGKIAGDYIAKKAGEGAKVIELQGIAGTSAARERGEGFQQAVAAHKFNVLASQPADFDRIKGLNVMQNLLTAHPDVQAVFAQNDEMALGALRALQTAGKSDVMVVGFDGTPDGEKAVNDGKLAATIAQLPDQIGAKGVETADKVLKGEKVQAKYPVDLKLVVKQ,transport,2.3,1998-04-03,1998-06-17,x-ray diffraction,KDTIALVVSTLNNPFFVSLKDGAQKEADKLGYNLVVLDSQNNPAKELANVQDLTVRGTKILLINPTDSDAVGNAVKMANQANIPVITLDRQATKGEVVSHIASDNVLGGKIAGDYIAKKAGEGAKVIELQGIAGTSAARERGEGFQQAVAAHKFNVLASQPADFDRIKGLNVMQNLLTAHPDVQAVFAQNDEMALGALRALQTAGKSDVMVVGFDGTPDGEKAVNDGKLAATIAQLPDQIGAKGVETADKVLKGEKVQAKYPVDLKLVVKQ,271,2dri.A.pdb
1orm.A.pdb,148,ATSTVTGGYAQSDAQGQMNKMGGFNLKYRYEEDNSPLGVIGSFTYTEKSRTASSGDYNKNQYYGITAGPAYRINDWASIYGVVGVGYGKFQTTEYPTYKNDTSDYGFSYGAGLQFNPMENVALDFSYEQSRIRSVDVGTWIAGVGYRF,membrane protein,,2003-03-14,2003-04-22,solution nmr,ATSTVTGGYAQSDAQGQMNKMGGFNLKYRYEEDNSPLGVIGSFTYTEKSRTASSGDYNKNQYYGITAGPAYRINDWASIYGVVGVGYGKFQTTEYPTYKNDTSDYGFSYGAGLQFNPMENVALDFSYEQSRIRSVDVGTWIAGVGYRF,148,1qj8.A.pdb
1pfl.A.pdb,139,AGWNAYIDNLMADGTCQDAAIVGYKDSPSVWAAVPGKTFVNITPAEVGVLVGKDRSSFYVNGLTLGGQKCSVIRDSLLQDGEFSMDLRTKSTGGAPTFNVTVTKTDKTLVLLMGKEGVHGGLINKKCYEMASHLRRSQY,regulatory protein,,1994-12-12,1995-03-31,solution nmr,AGWNAYIDNLMADGTCQDAAIVGYKDSPSVWAAVPGKTFVNITPAEVGVLVGKDRSSFYVNGLTLGGQKCSVIRDSLLQDGEFSMDLRTKSTGGAPTFNVTVTKTDKTLVLLMGKEGVHGGLINKKCYEMASHLRRSQY,139,1fil.A.pdb
1fsf.A.pdb,266,MRLIPLTTAEQVGKWAARHIVNRINAFKPTADRPFVLGLPTGGTPMTTYKALVEMHKAGQVSFKHVVTFNMDEYVGLPKEHPESYYSFMHRNFFDHVDIPAENINLLNGNAPDIDAECRQYEEKIRSYGKIHLFMGGVGNDGHIAFNEPASSLASRTRIKTLTHDTRVANSRFFDNDVNQVPKYALTVGVGTLLDAEEVMILVLGSQKALALQAAVEGCVNHMWTISCLQLHPKAIMVCDEPSTMELKVKTLRYFNELEAENIKGL,isomerase,1.9,2000-09-08,2002-01-04,x-ray diffraction,MRLIPLTTAEQVGKWAARHIVNRINAFKPTADRPFVLGLPTGGTPMTTYKALVEMHKAGQVSFKHVVTFNMDEYVGLPKEHPESYYSFMHRNFFDHVDIPAENINLLNGNAPDIDAECRQYEEKIRSYGKIHLFMGGVGNDGHIAFNEPASSLASRTRIKTLTHDTRVANSRFFDNDVNQVPKYALTVGVGTLLDAEEVMILVLGSQKALALQAAVEGCVNHMWTISCLQLHPKAIMVCDEPSTMELKVKTLRYFNELEAENIKGL,266,1fqo.B.pdb
1akz.A.pdb,223,MEFFGESWKKHLSGEFGKPYFIKLMGFVAEERKHYTVYPPPHQVFTWTQMCDIKDVKVVILGQDPYHGPNQAHGLCFSVQRPVPPPPSLENIYKELSTDIEDFVHPGHGDLSGWAKQGVLLLNAVLTVRAHQANSHKERGWEQFTDAVVSWLNQNSNGLVFLLWGSYAQKKGSAIDRKRHHVLQTAHPSPLSVYRGFFGCRHFSKTNELLQKSGKKPIDWKEL,glycosidase,1.57,1997-05-27,1997-08-20,x-ray diffraction,MEFFGESWKKHLSGEFGKPYFIKLMGFVAEERKHYTVYPPPHQVFTWTQMCDIKDVKVVILGQDPYHGPNQAHGLCFSVQRPVPPPPSLENIYKELSTDIEDFVHPGHGDLSGWAKQGVLLLNAVLTVRAHQANSHKERGWEQFTDAVVSWLNQNSNGLVFLLWGSYAQKKGSAIDRKRHHVLQTAHPSPLSVYRGFFGCRHFSKTNELLQKSGKKPIDWKEL,223,1ssp.E.pdb
2ai6.A.pdb,125,MAVADLALIPDVDIDSDGVFKYVLIRVHSAPRSGAPAAESKEIVRGYKWAEYHADIYDKVSGDMQKQGCDCECLGGGRISHQSQDKKIHVYGYSMAYGPAQHAISTEKIKAKYPDYEVTWANDGY,hydrolase,,2005-07-29,2006-10-17,solution nmr,MAVADLALIPDVDIDSDGVFKYVLIRVHSAPRSGAPAAESKEIVRGYKWAEYHADIYDKVSGDMQKQGCDCECLGGGRISHQSQDKKIHVYGYSMAYGPAQHAISTEKIKAKYPDYEVTWANDGY,125,2ozw.A.pdb
1vr6.A.pdb,343,HHHHHMIVVLKPGSTEEDIRKVVKLAESYNLKCHISKGQERTVIGIIGDDRYVVADKFESLDCVESVVRVLKPYKLVSREFHPEDTVIDLGDVKIGNGYFTIIAGPCSVEGREMLMETAHFLSELGVKVLRGGAYKPRTSPYSFQGLGEKGLEYLREAADKYGMYVVTEALGEDDLPKVAEYADIIQIGARNAQNFRLLSKAGSYNKPVLLKRGFMNTIEEFLLSAEYIANSGNTKIILCERGIRTFEKATRNTLDISAVPIIRKESHLPILVDPSHSGGRRDLVIPLSRAAIAVGAHGIIVEVHPEPEKALSDGKQSLDFELFKELVQEMKKLADALGVKVN,transferase,1.92,2005-02-14,2005-03-08,x-ray diffraction,MGSDKIHHHHHHMIVVLKPGSTEEDIRKVVKLAESYNLKCHISKGQERTVIGIIGDDRYVVADKFESLDCVESVVRVLKPYKLVSREFHPEDTVIDLGDVKIGNGYFTIIAGPCSVEGREMLMETAHFLSELGVKVLRGGAYKPRTSPYSFQGLGEKGLEYLREAADKYGMYVVTEALGEDDLPKVAEYADIIQIGARNAQNFRLLSKAGSYNKPVLLKRGFMNTIEEFLLSAEYIANSGNTKIILCERGIRTFEKATRNTLDISAVPIIRKESHLPILVDPSHSGGRRDLVIPLSRAAIAVGAHGIIVEVHPEPEKALSDGKQSLDFELFKELVQEMKKLADALGVKVN,350,1rzm.A.pdb
1y3q.A.pdb,490,REATWVTEKPLTLKIHMHFRDKWVWDENWPVAREVARLTNVKLVGVANRAATNSQEQFNLMMASGQLPDIVGGDNLKDKFIRYGMEGAFIPLNKLIDQNAPNLKAFFKTHPEVQRAITAPDGNIYYLPYVPDGLVSRGYFIRQDWLDKLHLKTPQTVDELYTVLKAFKEKDPNGNGKADEIPFINRDPEEVFRLVNFWGARSTGSNTWMDFYVENGKIKHPFAEVAFKDGIKHVAQWYKEGLIDPEIFTRKARSREQTFGNNIGGMTHDWFASTALFNDALSKNIPGFKLVPMAPPINSKGQRWEEDARQIPRPDGWAITATNKNPVETIKLFDFYFGPKGRELSNFGVPGLTYDIKNGKPVYKDTVLKAAQPVNNQMYDIGAQIPIGFWQDYEYERQWTNDVALQGIDMYIKNKYVLPQFTGVNLTVEEREIYDKYWPDVKTYMFEMGQSWVMGTKDPEKTWNDYQQQLKNRGFYQVMIVMQKAYDRQY,sugar binding protein,1.9,2004-11-26,2005-04-12,x-ray diffraction,REATWVTEKPLTLKIHMHFRDKWVWDENWPVAREVARLTNVKLVGVANRAATNSQEQFNLMMASGQLPDIVGGDNLKDKFIRYGMEGAFIPLNKLIDQNAPNLKAFFKTHPEVQRAITAPDGNIYYLPYVPDGLVSRGYFIRQDWLDKLHLKTPQTVDELYTVLKAFKEKDPNGNGKADEIPFINRDPEEVFRLVNFWGARSTGSNTWMDFYVENGKIKHPFAEVAFKDGIKHVAQWYKEGLIDPEIFTRKARSREQTFGNNIGGMTHDWFASTALFNDALSKNIPGFKLVPMAPPINSKGQRWEEDARQIPRPDGWAITATNKNPVETIKLFDFYFGPKGRELSNFGVPGLTYDIKNGKPVYKDTVLKAAQPVNNQMYDIGAQIPIGFWQDYEYERQWTNDVALQGIDMYIKNKYVLPQFTGVNLTVEEREIYDKYWPDVKTYMFEMGQSWVMGTKDPEKTWNDYQQQLKNRGFYQVMIVMQKAYDRQY,490,1y3n.A.pdb
1gud.A.pdb,288,AAEYAVVLKTLSNPFWVDMKKGIEDEAKTLGVSVDIFASPSEGDFQSQLQLFEDLSNKNYKGIAFAPLSSVNLVMPVARAWKKGIYLVNLDEKIDMDNLKKAGGNVEAFVTTDNVAVGAKGASFIIDKLGAEGGEVAIIEGKAGNASGEARRNGATEAFKKASQIKLVASQPADWDRIKALDVATNVLQRNPNIKAIYCANDTMAMGVAQAVANAGKTGKVLVVGTDGIPEARKMVEAGQMTATVAQNPADIGATGLKLMVDAEKSGKVIPLDKAPEFKLVDSILVTQ,periplasmic binding protein,1.7,2002-01-24,2003-03-06,x-ray diffraction,AAEYAVVLKTLSNPFWVDMKKGIEDEAKTLGVSVDIFASPSEGDFQSQLQLFEDLSNKNYKGIAFAPLSSVNLVMPVARAWKKGIYLVNLDEKIDMDNLKKAGGNVEAFVTTDNVAVGAKGASFIIDKLGAEGGEVAIIEGKAGNASGEARRNGATEAFKKASQIKLVASQPADWDRIKALDVATNVLQRNPNIKAIYCANDTMAMGVAQAVANAGKTGKVLVVGTDGIPEARKMVEAGQMTATVAQNPADIGATGLKLMVDAEKSGKVIPLDKAPEFKLVDSILVTQ,288,1rpj.A.pdb
1ex6.B.pdb,186,SRPIVISGPSGTGKSTLLKKLFAEYPDSFGFSVSSTTRTPRAGEVNGKDYNFVSVDEFKSMIKNNEFIEWAQFSGNYYGSTVASVKQVSKSGKTCILDIDMQGVKSVKAIPELNARFLFIAPPSVEDLKKRLEGRGTETEESINKRLSAAQAELAYAETGAHDKVIVNDDLDKAYKELKDFIFAEK,transferase,2.3,2000-05-01,2001-03-16,x-ray diffraction,SRPIVISGPSGTGKSTLLKKLFAEYPDSFGFSVSSTTRTPRAGEVNGKDYNFVSVDEFKSMIKNNEFIEWAQFSGNYYGSTVASVKQVSKSGKTCILDIDMQGVKSVKAIPELNARFLFIAPPSVEDLKKRLEGRGTETEESINKRLSAAQAELAYAETGAHDKVIVNDDLDKAYKELKDFIFAEK,186,1ex7.A.pdb
1wd7.B.pdb,255,DAVRVAYAGLRRKEAFKALAEKLGFTPLLFPVQATEKVPVPEYRDQVRALAQGVDLFLATTGVGVRDLLEAGKALGLDLEGPLAKAFRLARGAKAARALKEAGLPPHAVGDGTSKSLLPLLPQGRGVAALQLYGKPLPLLENALAERGYRVLPLMPYRHLPDPEGILRLEEALLRGEVDALAFVAAIQVEFLFEGAKDPKALREALNTRVKALAVGRVTADALREWGVKPFYVDETERLGSLLQGFKRALQKEVA,lyase,1.6,2004-05-12,2004-11-12,x-ray diffraction,MRRLEEDAVRVAYAGLRRKEAFKALAEKLGFTPLLFPVQATEKVPVPEYRDQVRALAQGVDLFLATTGVGVRDLLEAGKALGLDLEGPLAKAFRLARGAKAARALKEAGLPPHAVGDGTSKSLLPLLPQGRGVAALQLYGKPLPLLENALAERGYRVLPLMPYRHLPDPEGILRLEEALLRGEVDALAFVAAIQVEFLFEGAKDPKALREALNTRVKALAVGRVTADALREWGVKPFYVDETERLGSLLQGFKRALQKEVA,261,1wcw.A.pdb
1w0j.E.pdb,466,TTGRIVAVIGAVVDVQFDEGLPPILNALEVQGRETRLVLEVAQHLGESTVRTIAMDGTEGLVRGQKVLDSGAPIRIPVGPETLGRIMNVIGEPIDERGPIKTKQFAAIHAEAPEFVEMSVEQEILVTGIKVVDLLAPYAKGGKIGLFGGAGVGKTVLIMELINNVAKAHGGYSVFAGVGERTREGNDLYHEMIESGVINLKDATSKVALVYGQMNEPPGARARVALTGLTVAEYFRDQEGQDVLLFIDNIFRFTQAGSEVSALLGRIPSAVGYQPTLATDMGTMQERITTTKKGSITSVQAIYVPADDLTDPAPATTFAHLDATTVLSRAIAELGIYPAVDPLDSTSRIMDPNIVGSEHYDVARGVQKILQDYKSLQDIIAILGMDELSEEDKLTVSRARKIQRFLSQPFQVAEVFTGHLGKLVPLKETIKGFQQILAGEYDHLPEQAFYMVGPIEEAVAKADKLA,hydrolase,2.2,2004-06-08,2004-07-08,x-ray diffraction,AAQASPSPKAGATTGRIVAVIGAVVDVQFDEGLPPILNALEVQGRETRLVLEVAQHLGESTVRTIAMDGTEGLVRGQKVLDSGAPIRIPVGPETLGRIMNVIGEPIDERGPIKTKQFAAIHAEAPEFVEMSVEQEILVTGIKVVDLLAPYAKGGKIGLFGGAGVGKTVLIMELINNVAKAHGGYSVFAGVGERTREGNDLYHEMIESGVINLKDATSKVALVYGQMNEPPGARARVALTGLTVAEYFRDQEGQDVLLFIDNIFRFTQAGSEVSALLGRIPSAVGYQPTLATDMGTMQERITTTKKGSITSVQAIYVPADDLTDPAPATTFAHLDATTVLSRAIAELGIYPAVDPLDSTSRIMDPNIVGSEHYDVARGVQKILQDYKSLQDIIAILGMDELSEEDKLTVSRARKIQRFLSQPFQVAEVFTGHLGKLVPLKETIKGFQQILAGEYDHLPEQAFYMVGPIEEAVAKADKLAEEHS,482,1e1r.F.pdb
1rf5.A.pdb,427,MKLKTNIRHLHGIIRVPGDKSISHRSIIFGSLAEGETKVYDILRGEDVLSTMQVFRDLGVEIEDKDGVITVQGVGMAGLKAPQNALNMGNSGTSIRLISGVLAGADFEVEMFGDDSLSKRPMDRVTLPLKKMGVSISGQTERDLPPLRLKGTKNLRPIHYELPIASAQVKSALMFAALQAKGESVIIEKEYTRNHTEDMLQQFGGHLSVDGKKITVQGPQKLTGQKVVVPGDISSAAFWLVAGLIAPNSRLVLQNVGINETRTGIIDVIRAMGGKLEITEIDPVAKSATLIVESSDLKGTEICGALIPRLIDELPIIALLATQAQGVTVIKDAEELKVKETDRIQVVADALNSMGADITPTADGMIIKGKSALHGARVNTFGDHRIGMMTAIAALLVADGEVELDRAEAINTSYPSFFDDLESLIHG,transferase,2.3,2003-11-07,2004-02-17,x-ray diffraction,MKLKTNIRHLHGIIRVPGDKSISHRSIIFGSLAEGETKVYDILRGEDVLSTMQVFRDLGVEIEDKDGVITVQGVGMAGLKAPQNALNMGNSGTSIRLISGVLAGADFEVEMFGDDSLSKRPMDRVTLPLKKMGVSISGQTERDLPPLRLKGTKNLRPIHYELPIASAQVKSALMFAALQAKGESVIIEKEYTRNHTEDMLQQFGGHLSVDGKKITVQGPQKLTGQKVVVPGDISSAAFWLVAGLIAPNSRLVLQNVGINETRTGIIDVIRAMGGKLEITEIDPVAKSATLIVESSDLKGTEICGALIPRLIDELPIIALLATQAQGVTVIKDAEELKVKETDRIQVVADALNSMGADITPTADGMIIKGKSALHGARVNTFGDHRIGMMTAIAALLVADGEVELDRAEAINTSYPSFFDDLESLIHG,427,1rf4.A.pdb
1s2o.A.pdb,244,MRQLLLISDLDNTWVGDQQALEHLQEYLGDRRGNFYLAYATGRSYHSARELQKQVGLMEPDYWLTAVGSEIYHPEGLDQHWADYLSEHWQRDILQAIADGFEALKPQSPLEQNPWKISYHLDPQACPTVIDQLTEMLKETGIPVQVIFSSGKDVDLLPQRSNKGNATQYLQQHLAMEPSQTLVCGDSGNDIGLFETSARGVIVRNAQPELLHWYDQWGDSRHYRAQSSHAGAILEAIAHFDFLS,hydrolase,1.4,2004-01-09,2005-02-22,x-ray diffraction,MRQLLLISDLDNTWVGDQQALEHLQEYLGDRRGNFYLAYATGRSYHSARELQKQVGLMEPDYWLTAVGSEIYHPEGLDQHWADYLSEHWQRDILQAIADGFEALKPQSPLEQNPWKISYHLDPQACPTVIDQLTEMLKETGIPVQVIFSSGKDVDLLPQRSNKGNATQYLQQHLAMEPSQTLVCGDSGNDIGLFETSARGVIVRNAQPELLHWYDQWGDSRHYRAQSSHAGAILEAIAHFDFLS,244,1tj5.A.pdb
1k5h.A.pdb,398,MKQLTILGSTGSIGCSTLDVVRHNPEHFRVVALVAGKNVTRMVEQCLEFSPRYAVMDDEASAKLLKTMLQQQGSRTEVLSGQQAACDMAALEDVDQVMAAIVGAAGLLPTLAAIRAGKTILLANKESLVTCGRLFMDAVKQSKAQLLPVDSEHNAIFQSLPQPIQHNLGYADLEQNGVVSILLTGSGGPFRETPLRDLATMTPDQACRHPNWSMGRKISVDSATMMNKGLEYIEARWLFNASASQMEVLIHPQSVIHSMVRYQDGSVLAQLGEPDMRTPIAHTMAWPNRVNSGVKPLDFCKLSALTFAAPDYDRYPCLKLAMEAFEQGQAATTALNAANEITVAAFLAQQIRFTDIAALNLSVLEKMDMREPQCVDDVLSVDANAREVARKEVMRLAS,oxidoreductase,2.5,2001-10-10,2002-02-27,x-ray diffraction,MKQLTILGSTGSIGCSTLDVVRHNPEHFRVVALVAGKNVTRMVEQCLEFSPRYAVMDDEASAKLLKTMLQQQGSRTEVLSGQQAACDMAALEDVDQVMAAIVGAAGLLPTLAAIRAGKTILLANKESLVTCGRLFMDAVKQSKAQLLPVDSEHNAIFQSLPQPIQHNLGYADLEQNGVVSILLTGSGGPFRETPLRDLATMTPDQACRHPNWSMGRKISVDSATMMNKGLEYIEARWLFNASASQMEVLIHPQSVIHSMVRYQDGSVLAQLGEPDMRTPIAHTMAWPNRVNSGVKPLDFCKLSALTFAAPDYDRYPCLKLAMEAFEQGQAATTALNAANEITVAAFLAQQIRFTDIAALNLSVLEKMDMREPQCVDDVLSVDANAREVARKEVMRLAS,398,1q0q.A.pdb
1zol.A.pdb,221,MFKAVLFDLDGVITDTAEYHFRAWKALAEEIGINGVDRQFNEQLKGVSREDSLQKILDLADKKVSAEEFKELAKRKNDNYVKMIQDVSPADVYPGILQLLKDLRSNKIKIALASASKNGPFLLERMNLTGYFDAIADPAEVAASKPAPDIFIAAAHAVGVAPSESIGLEDSQAGIQAIKDSGALPIGVGRPEDLGDDIVIVPDTSHYTLEFLKEVWLQKQK,isomerase,1.9,2005-05-13,2005-08-30,x-ray diffraction,MFKAVLFDLDGVITDTAEYHFRAWKALAEEIGINGVDRQFNEQLKGVSREDSLQKILDLADKKVSAEEFKELAKRKNDNYVKMIQDVSPADVYPGILQLLKDLRSNKIKIALASASKNGPFLLERMNLTGYFDAIADPAEVAASKPAPDIFIAAAHAVGVAPSESIGLEDSQAGIQAIKDSGALPIGVGRPEDLGDDIVIVPDTSHYTLEFLKEVWLQKQK,221,1o03.A.pdb
1viy.C.pdb,208,SLRYIVALTGGIGSGKSTVANAFADLGINVIDADIIARQVVEPGAPALHAIADHFGANMIAADGTLQRRALRERIFANPEEKNWLNALLHPLIQQETQHQIQQATSPYVLWVVPLLVENSLYKKANRVLVVDVSPETQLKRTMQRDDVTREHVEQILAAQATREARLAVADDVIDNNGAPDAIASDVARLHAHYLQLASQFVSQEKPE,transferase,1.89,2003-12-01,2003-12-30,x-ray diffraction,MSLRYIVALTGGIGSGKSTVANAFADLGINVIDADIIARQVVEPGAPALHAIADHFGANMIAADGTLQRRALRERIFANPEEKNWLNALLHPLIQQETQHQIQQATSPYVLWVVPLLVENSLYKKANRVLVVDVSPETQLKRTMQRDDVTREHVEQILAAQATREARLAVADDVIDNNGAPDAIASDVARLHAHYLQLASQFVSQEKPEGGSHHHHHH,218,1vhl.A.pdb
1za1.A.pdb,310,ANPLYQKHIISINDLSRDDLNLVLATAAKLKANPQPELLKHKVIASCFFEASTRTRLSFETSMHRLGASVVGFSDSANTSLGKKGETLADTISVISTYVDAIVMRHPQEGAARLATEFSGNVPVLNAGDGSNQHPTQTLLDLFTIQETQGRLDNLHVAMVGDLKYGRTVHSLTQALAKFDGNRFYFIAPDALAMPQYILDMLDEKGIAWSLHSSIEEVMAEVDILYMTRVQKERLDPSEYANVKAQFVLRASDLHNAKANMKVLHPLPRVDEIATDVDKTPHAWYFQQAGNGIFARQALLALVLNRDLVL,transferase,2.2,2005-04-05,2005-06-07,x-ray diffraction,ANPLYQKHIISINDLSRDDLNLVLATAAKLKANPQPELLKHKVIASCFFEASTRTRLSFETSMHRLGASVVGFSDSANTSLGKKGETLADTISVISTYVDAIVMRHPQEGAARLATEFSGNVPVLNAGDGSNQHPTQTLLDLFTIQETQGRLDNLHVAMVGDLKYGRTVHSLTQALAKFDGNRFYFIAPDALAMPQYILDMLDEKGIAWSLHSSIEEVMAEVDILYMTRVQKERLDPSEYANVKAQFVLRASDLHNAKANMKVLHPLPRVDEIATDVDKTPHAWYFQQAGNGIFARQALLALVLNRDLVL,310,1q95.A.pdb
1jej.A.pdb,351,MKIAIINMGNNVINFKTVPSSETIYLFKVISEMGLNVDIISLKNGVYTKSFDEVDVNDYDRLIVVNSSINFFGGKPNLAILSAQKFMAKYKSKIYYLFTDIRLPFSQSWPNVKNRPWAYLYTEEELLIKSPIKVISQGINLDIAKAAHKKVDNVIEFEYFPIEQYKIHMNDFQLSKPTKKTLDVIYGGSFRSGQRESKMVEFLFDTGLNIEFFGNAREKQFKNPKYPWTKAPVFTGKIPMNMVSEKNSQAIAALIIGDKNYNDNFITLRVWETMASDAVMLIDEEFDTKHRIINDARFYVNNRAELIDRVNELKHSDVLRKEMLSIQHDILNKTRAKKAEWQDAFKKAIDL,transferase,2.5,2001-06-18,2001-08-15,x-ray diffraction,MKIAIINMGNNVINFKTVPSSETIYLFKVISEMGLNVDIISLKNGVYTKSFDEVDVNDYDRLIVVNSSINFFGGKPNLAILSAQKFMAKYKSKIYYLFTDIRLPFSQSWPNVKNRPWAYLYTEEELLIKSPIKVISQGINLDIAKAAHKKVDNVIEFEYFPIEQYKIHMNDFQLSKPTKKTLDVIYGGSFRSGQRESKMVEFLFDTGLNIEFFGNAREKQFKNPKYPWTKAPVFTGKIPMNMVSEKNSQAIAALIIGDKNYNDNFITLRVWETMASDAVMLIDEEFDTKHRIINDARFYVNNRAELIDRVNELKHSDVLRKEMLSIQHDILNKTRAKKAEWQDAFKKAIDL,351,1jg6.A.pdb
1hoo.B.pdb,431,GNNVVVLGTQWGDEGKGKIVDLLTERAKYVVRYQGGHNAGHTLVINGEKTVLHLIPSGILRENVTSIIGNGVVLSPAALMKEMKELEDRGIPVRERLLLSEACPLILDYHVALDNAREKARGAKAIGTTGRGIGPAYEDKVARRGLRVGDLFDKETFAEKLKEVMEYHNFQLVNYYKAEAVDYQKVLDDTMAVADILTSMVVDVSDLLDQARQRGDFVMFEGAQGTLLDIDHGTYPYVTSSNTTAGGVATGSGLGPRYVDYVLGILKAYSTRVGAGPFPTELFDETGEFLCKQGNEFGATTGRRRRTGWLDTVAVRRAVQLNSLSGFCLTKLDVLDGLKEVKLCVAYRMPDGREVTTTPLAADDWKGVEPIYETMPGWSESTFGVKDRSGLPQAALNYIKRIEELTGVPIDIISTGPDRTETMILRDPFDA,ligase,2.3,1996-04-26,1997-02-12,x-ray diffraction,GNNVVVLGTQWGDEGKGKIVDLLTERAKYVVRYQGGHNAGHTLVINGEKTVLHLIPSGILRENVTSIIGNGVVLSPAALMKEMKELEDRGIPVRERLLLSEACPLILDYHVALDNAREKARGAKAIGTTGRGIGPAYEDKVARRGLRVGDLFDKETFAEKLKEVMEYHNFQLVNYYKAEAVDYQKVLDDTMAVADILTSMVVDVSDLLDQARQRGDFVMFEGAQGTLLDIDHGTYPYVTSSNTTAGGVATGSGLGPRYVDYVLGILKAYSTRVGAGPFPTELFDETGEFLCKQGNEFGATTGRRRRTGWLDTVAVRRAVQLNSLSGFCLTKLDVLDGLKEVKLCVAYRMPDGREVTTTPLAADDWKGVEPIYETMPGWSESTFGVKDRSGLPQAALNYIKRIEELTGVPIDIISTGPDRTETMILRDPFDA,431,1cg0.A.pdb
1e5l.A.pdb,449,ATKSVLMLGSGFVTRPTLDVLTDSGIKVTVACRTLESAKKLSAGVQHSTPISLDVNDDAALDAEVAKHDLVISLIPYTFHATVIKSAIRQKKHVVTTSYVSPAMMELDQAAKDAGITVMNEIGLDPGIDHLYAIKTIEEVHAAGGKIKTFLSYCGGLPAPESSDNPLGYKFSWSSRGVLLALRNAASFYKDGKVTNVAGPELMATAKPYFIYPGFAFVAYPNRDSTPYKERYQIPEADNIVRGTLRYQGFPQFIKVLVDIGFLSDEEQPFLKEAIPWKEATQKIVKASSASEQDIVSTIVSNATFESTEEQKRIVAGLKWLGIFSDKKITPRGNALDTLCATLEEKMQFEEGERDLVMLQHKFEIENKDGSRETRTSSLCEYGAPIGSGGYSAMAKLVGVPCAVAVKFVLDGTISDRGVLAPMNSKINDPLMKELKEKYGIECKEKVVA,oxidoreductase,2.4,2000-07-27,2000-11-27,x-ray diffraction,MATKSVLMLGSGFVTRPTLDVLTDSGIKVTVACRTLESAKKLSAGVQHSTPISLDVNDDAALDAEVAKHDLVISLIPYTFHATVIKSAIRQKKHVVTTSYVSPAMMELDQAAKDAGITVMNEIGLDPGIDHLYAIKTIEEVHAAGGKIKTFLSYCGGLPAPESSDNPLGYKFSWSSRGVLLALRNAASFYKDGKVTNVAGPELMATAKPYFIYPGFAFVAYPNRDSTPYKERYQIPEADNIVRGTLRYQGFPQFIKVLVDIGFLSDEEQPFLKEAIPWKEATQKIVKASSASEQDIVSTIVSNATFESTEEQKRIVAGLKWLGIFSDKKITPRGNALDTLCATLEEKMQFEEGERDLVMLQHKFEIENKDGSRETRTSSLCEYGAPIGSGGYSAMAKLVGVPCAVAVKFVLDGTISDRGVLAPMNSKINDPLMKELKEKYGIECKEKVVA,450,1e5q.A.pdb
1hw1.B.pdb,226,AQSPAGFAEEYIIESIWNNRFPPGTILPAERELSELIGVTRTTLREVLQRLARDGWLTIQHGKPTKVNNFWETSGLNILETLARLDHESVPQLIDNLLSVRTNISTIFIRTAFRQHPDKAQEVLATANEVADHADAFAELDYNIFRGLAFASGNPIYGLILNGMKGLYTRIGRHYFANPEARSLALGFYHKLSALCSEGAHDQVYETVRRYGHESGEIWHRMQKNL,transcription,1.5,2001-01-09,2001-01-24,x-ray diffraction,MVIKAQSPAGFAEEYIIESIWNNRFPPGTILPAERELSELIGVTRTTLREVLQRLARDGWLTIQHGKPTKVNNFWETSGLNILETLARLDHESVPQLIDNLLSVRTNISTIFIRTAFRQHPDKAQEVLATANEVADHADAFAELDYNIFRGLAFASGNPIYGLILNGMKGLYTRIGRHYFANPEARSLALGFYHKLSALCSEGAHDQVYETVRRYGHESGEIWHRMQKNLPGDLAIQGR,239,1h9g.A.pdb
1l0w.B.pdb,580,MRRTHYAGSLRETHVGEEVVLEGWVNRRRDLGGLIFLDLRDREGLVQLVAHPASPAYATAERVRPEWVVRAKGLVRLRPEPNPRLATGRVEVELSALEVLAEAKTPPFPVDAGWRGEEEKEASEELRLKYRYLDLRRRRMQENLRLRHRVIKAIWDFLDREGFVQVETPFLTKSTPEGARDFLVPYRHEPGLFYALPQSPQLFKQMLMVAGLDRYFQIARCFRDEDLRADRQPDFTQLDLEMSFVEVEDVLELNERLMAHVFREALGVELPLPFPRLSYEEAMERYGSDKPDLRFGLELKEVGPLFRQSGFRVFQEAESVKALALPKALSRKEVAELEEVAKRHKAQGLAWARVEEGGFSGGVAKFLEPVREALLQATEARPGDTLLFVAGPRKVAATALGAVRLRAADLLGLKREGFRFLWVVDFPLLEWDEEEEAWTYMHHPFTSPHPEDLPLLEKDPGRVRALAYDLVLNGVEVGGGSIRIHDPRLQARVFRLLGIGEEEQREKFGFFLEALEYGAPPHGGIAWGLDRLLALMTGSPSIREVIAFPKNKEGKDPLTGAPSPVPEEQLRELGLMVVRP,ligase,2.01,2002-02-14,2002-03-20,x-ray diffraction,MRRTHYAGSLRETHVGEEVVLEGWVNRRRDLGGLIFLDLRDREGLVQLVAHPASPAYATAERVRPEWVVRAKGLVRLRPEPNPRLATGRVEVELSALEVLAEAKTPPFPVDAGWRGEEEKEASEELRLKYRYLDLRRRRMQENLRLRHRVIKAIWDFLDREGFVQVETPFLTKSTPEGARDFLVPYRHEPGLFYALPQSPQLFKQMLMVAGLDRYFQIARCFRDEDLRADRQPDFTQLDLEMSFVEVEDVLELNERLMAHVFREALGVELPLPFPRLSYEEAMERYGSDKPDLRFGLELKEVGPLFRQSGFRVFQEAESVKALALPKALSRKEVAELEEVAKRHKAQGLAWARVEEGGFSGGVAKFLEPVREALLQATEARPGDTLLFVAGPRKVAATALGAVRLRAADLLGLKREGFRFLWVVDFPLLEWDEEEEAWTYMHHPFTSPHPEDLPLLEKDPGRVRALAYDLVLNGVEVGGGSIRIHDPRLQARVFRLLGIGEEEQREKFGFFLEALEYGAPPHGGIAWGLDRLLALMTGSPSIREVIAFPKNKEGKDPLTGAPSPVPEEQLRELGLMVVRP,580,1g51.A.pdb
1otj.D.pdb,280,ERLSITPLGPYIGAQISGADLTRPLSDNQFEQLYHAVLRHQVVFLRDQAITPQQQRALAQRFGELHIHPVYPHAEGVDEIIVLDTHNDNPPDNDNWHTDVTFIETPPAGAILAAKELPSTGGDTLWTSGIAAYEALSVPFRQLLSGLRAEHDFRKSFPEYKYRKTEEEHQRWREAVAKNPPLLHPVVRTHPVSGKQALFVNEGFTTRIVDVSEKESEALLSFLFAHITKPEFQVRWRWQPNDIAIWDNRVTQHYANADYLPQRRIMHRATILGDKPFYRA,oxidoreductase,1.9,2003-03-21,2003-09-23,x-ray diffraction,MSERLSITPLGPYIGAQISGADLTRPLSDNQFEQLYHAVLRHQVVFLRDQAITPQQQRALAQRFGELHIHPVYPHAEGVDEIIVLDTHNDNPPDNDNWHTDVTFIETPPAGAILAAKELPSTGGDTLWTSGIAAYEALSVPFRQLLSGLRAEHDFRKSFPEYKYRKTEEEHQRWREAVAKNPPLLHPVVRTHPVSGKQALFVNEGFTTRIVDVSEKESEALLSFLFAHITKPEFQVRWRWQPNDIAIWDNRVTQHYANADYLPQRRIMHRATILGDKPFYRAG,283,1gy9.A.pdb
1evk.A.pdb,401,RDHRKIGKQLDLYHMQEEAPGMVFWHNDGWTIFRELEVFVRSKLKEYQYQEVKGPFMMDRVLWEKTGHWDNYKDAMFTTSSENREYCIKPMNCPGHVQIFNQGLKSYRDLPLRMAEFGSCHRNEPSGSLHGLMRVRGFTQDDAHIFCTEEQIRDEVNGCIRLVYDMYSTFGFEKIVVKLSTRPEKRIGSDEMWDRAEADLAVALEENNIPFEYQLGEGAFYGPKIEFTLYDCLDRAWQCGTVQLDFSLPSRLSASYVGEDNERKVPVMIHRAILGSMERFIGILTEEFAGFFPTWLAPVQVVIMNITDSQSEYVNELTQKLSNAGIRVKADLRNEKIGFKIREHTLRRVPYMLVCGDKEVESGKVAVRTRRGKDLGSMDVNEVIEKLQQEIRSRSLKQLEE,ligase,2.0,2000-04-20,2000-07-19,x-ray diffraction,RDHRKIGKQLDLYHMQEEAPGMVFWHNDGWTIFRELEVFVRSKLKEYQYQEVKGPFMMDRVLWEKTGHWDNYKDAMFTTSSENREYCIKPMNCPGHVQIFNQGLKSYRDLPLRMAEFGSCHRNEPSGSLHGLMRVRGFTQDDAHIFCTEEQIRDEVNGCIRLVYDMYSTFGFEKIVVKLSTRPEKRIGSDEMWDRAEADLAVALEENNIPFEYQLGEGAFYGPKIEFTLYDCLDRAWQCGTVQLDFSLPSRLSASYVGEDNERKVPVMIHRAILGSMERFIGILTEEFAGFFPTWLAPVQVVIMNITDSQSEYVNELTQKLSNAGIRVKADLRNEKIGFKIREHTLRRVPYMLVCGDKEVESGKVAVRTRRGKDLGSMDVNEVIEKLQQEIRSRSLKQLEE,401,1evl.A.pdb
1g6w.D.pdb,259,HVEYSRITKFFQEQPLEGYTLFSHRSAPNGFKVAIVLSELGFHYNTIFLDFNLGEHRAPEFVSVNPNARVPALIDHGMDNLSIWESGAILLHLVNKYYKETGNPLLWSDDLADQSQINAWLFFQTSGHAPMIGQALHFRYFHSQKIASAVERYTDEVRRVYGVVEMALAERREALVMELDTENAAAYSAGTTPMSQSRFFDYPVWLVGDKLTIADLAFVPWNNVVDRIGINIKIEFPEVYKWTKHMMRRPAVIKALRGE,structural genomics,2.5,2000-11-08,2001-02-21,x-ray diffraction,MSHVEYSRITKFFQEQPLEGYTLFSHRSAPNGFKVAIVLSELGFHYNTIFLDFNLGEHRAPEFVSVNPNARVPALIDHGMDNLSIWESGAILLHLVNKYYKETGNPLLWSDDLADQSQINAWLFFQTSGHAPMIGQALHFRYFHSQKIASAVERYTDEVRRVYGVVEMALAERREALVMELDTENAAAYSAGTTPMSQSRFFDYPVWLVGDKLTIADLAFVPWNNVVDRIGINIKIEFPEVYKWTKHMMRRPAVIKALRGE,261,1k0b.C.pdb
1njg.B.pdb,239,VLARKWRPQTFADVVGQEHVLTALANGLSLGRIHHAYLFSGTRGVGKTSIARLLAKGLNCETGITATPCGVCDNCREIEQGRFVDLIEIDAASRTKVEDTRDLLDNVQYAPARGRFKVYLIDEVHMLSRHSFNALLKTLEEPPEHVKFLLATTDPQKLPVTILSRCLQFHLKALDVEQIRHQLEHILNEEHIAHEPRALQLLARAAEGSLRDALSLTDQAIASGDGQVSTQAVSAMLGT,transferase,2.2,2002-12-30,2003-04-01,x-ray diffraction,GAHMGGSMSYQVLARKWRPQTFADVVGQEHVLTALANGLSLGRIHHAYLFSGTRGVGKTSIARLLAKGLNCETGITATPCGVCDNCREIEQGRFVDLIEIDAASRTKVEDTRDLLDNVQYAPARGRFKVYLIDEVHMLSRHSFNALLKTLEEPPEHVKFLLATTDPQKLPVTILSRCLQFHLKALDVEQIRHQLEHILNEEHIAHEPRALQLLARAAEGSLRDALSLTDQAIASGDGQVSTQAVSAMLGT,250,1njf.A.pdb
1rka.A.pdb,305,AGSLVVLGSINADHILNLQSFPTPGETVTGNHYQVAFGGKGANQAVAAGRSGANIAFIACTGDDSIGESVRQQLATDNIDITPVSVIKGESTGVALIFVNGEGENVIGIHAGANAALSPALVEAQRERIANASALLMQLESPLESVMAAAKIAHQNKTIVALNPAPARELPDELLALVDIITPNETEAEKLTGIRVENDEDAAKAAQVLHEKGIRTVLITLGSRGVWASVNGEGQRVPGFRVQAVDTIAAGDTFNGALITALLEEKPLPEAIRFAHAAAAIAVTRKGAQPSVPWREEIDAFLDRQ,transferase,2.3,1999-03-22,1999-08-31,x-ray diffraction,MQNAGSLVVLGSINADHILNLQSFPTPGETVTGNHYQVAFGGKGANQAVAAGRSGANIAFIACTGDDSIGESVRQQLATDNIDITPVSVIKGESTGVALIFVNGEGENVIGIHAGANAALSPALVEAQRERIANASALLMQLESPLESVMAAAKIAHQNKTIVALNPAPARELPDELLALVDIITPNETEAEKLTGIRVENDEDAAKAAQVLHEKGIRTVLITLGSRGVWASVNGEGQRVPGFRVQAVDTIAAGDTFNGALITALLEEKPLPEAIRFAHAAAAIAVTRKGAQPSVPWREEIDAFLDRQR,309,1gqt.A.pdb
1k6w.A.pdb,423,ALQTIINARLPGEEGLWQIHLQDGKISAIDAQSGVMPITENSLDAEQGLVIPPFVEPHIHLDTTQTAGQPNWNQSGTLFEGIERWAERKALLTHDDVKQRAWQTLKWQIANGIQHVRTHVDVSDATLTALKAMLEVKQEVAPWIDLQIVAFPQEGILSYPNGEALLEEALRLGADVVGAIPHFEFTREYGVESLHKTFALAQKYDRLIDVHCDEIDDEQSRFVETVAALAHHEGMGARVTASHTTAMHSYNGAYTSRLFRLLKMSGINFVANPLVNIHLQGRFDTYPKRRGITRVKEMLESGINVCFGHDDVFDPWYPLGTANMLQVLHMGLHVCQLMGYGQINDGLNLITHHSARTLNLQDYGIAAGNSANLIILPAENGFDALRRQVPVRYSVRGGKVIASTQPAQTTVYLEQPEAIDYKR,hydrolase,1.75,2001-10-17,2002-02-06,x-ray diffraction,SNNALQTIINARLPGEEGLWQIHLQDGKISAIDAQSGVMPITENSLDAEQGLVIPPFVEPHIHLDTTQTAGQPNWNQSGTLFEGIERWAERKALLTHDDVKQRAWQTLKWQIANGIQHVRTHVDVSDATLTALKAMLEVKQEVAPWIDLQIVAFPQEGILSYPNGEALLEEALRLGADVVGAIPHFEFTREYGVESLHKTFALAQKYDRLIDVHCDEIDDEQSRFVETVAALAHHEGMGARVTASHTTAMHSYNGAYTSRLFRLLKMSGINFVANPLVNIHLQGRFDTYPKRRGITRVKEMLESGINVCFGHDDVFDPWYPLGTANMLQVLHMGLHVCQLMGYGQINDGLNLITHHSARTLNLQDYGIAAGNSANLIILPAENGFDALRRQVPVRYSVRGGKVIASTQPAQTTVYLEQPEAIDYKR,426,1k70.A.pdb
1yl5.B.pdb,247,AMARVGVLGAKGKVGATMVRAVAAADDLTLSAELDAGDPLSLLTDGNTEVVIDFTHPDVVMGNLEFLIDNGIHAVVGTTGFTAERFQQVESWLVAKPNTSVLIAPNFAIGAVLSMHFAKQAARFFDSAEVIELHHPHKADAPSGTAARTAKLIAEARKGLPPNPDATSTSLPGARGADVDGIPVHAVRLAGLVAHQEVLFGTEGETLTIRHDSLDRTSFVPGVLLAVRRIAERPGLTVGLEPLLDLH,oxidoreductase,2.3,2005-01-19,2006-01-17,x-ray diffraction,AMARVGVLGAKGKVGATMVRAVAAADDLTLSAELDAGDPLSLLTDGNTEVVIDFTHPDVVMGNLEFLIDNGIHAVVGTTGFTAERFQQVESWLVAKPNTSVLIAPNFAIGAVLSMHFAKQAARFFDSAEVIELHHPHKADAPSGTAARTAKLIAEARKGLPPNPDATSTSLPGARGADVDGIPVHAVRLAGLVAHQEVLFGTEGETLTIRHDSLDRTSFVPGVLLAVRRIAERPGLTVGLEPLLDLH,247,1yl7.A.pdb
6oy9.B.pdb,339,SELDQLRQEAEQLKNQIRDARKACADATLSQITNNIDPVGRIQMRTRRTLRGHLAKIYAMHWGTDSRLLLSASQDGKLIIWDSYTTNKVHAIPLRSSWVMTCAYAPSGNYVACGGLDNICSIYNLKTREGNVRVSRELAGHTGYLSCCRFLDDNQIVTSSGDTTCALWDIETGQQTTTFTGHTGDVMSLSLAPDTRLFVSGACDASAKLWDVREGMCRQTFTGHESDINAICFFPNGNAFATGSDDATCRLFDLRADQELMTYSHDNIICGITSVSFSKSGRLLLAGYDDFNCNVWDALKADRAGVLAGHDNRVSCLGVTDDGMAVATGSWDSFLKIWN,signaling protein,3.9,2019-05-14,2019-07-24,electron microscopy,MSELDQLRQEAEQLKNQIRDARKACADATLSQITNNIDPVGRIQMRTRRTLRGHLAKIYAMHWGTDSRLLLSASQDGKLIIWDSYTTNKVHAIPLRSSWVMTCAYAPSGNYVACGGLDNICSIYNLKTREGNVRVSRELAGHTGYLSCCRFLDDNQIVTSSGDTTCALWDIETGQQTTTFTGHTGDVMSLSLAPDTRLFVSGACDASAKLWDVREGMCRQTFTGHESDINAICFFPNGNAFATGSDDATCRLFDLRADQELMTYSHDNIICGITSVSFSKSGRLLLAGYDDFNCNVWDALKADRAGVLAGHDNRVSCLGVTDDGMAVATGSWDSFLKIWN,340,1a0r.B.pdb
1a6d.A.pdb,503,REQGKNAQRNNIEAAKAIADAVRTTLGPKGMDKMLVDSIGDIIISNDGATILKEMDVEHPTAKMIVEVSKAQDTAVGDGTTTAVVLSGELLKQAETLLDQGVHPTVISNGYRLAVNEARKIIDEIAEKSTDDATLRKIALTALSGKNTGLSNDFLADLVVKAVNAVAEVRDGKTIVDTANIKVDKKNGGSVNDTQFISGIVIDKEKVHSKMPDVVKNAKIALIDSALEIKKTEIEAKVQISDPSKIQDFLNQETNTFKQMVEKIKKSGANVVLCQKGIDDVAQHYLAKEGIYAVRRVKKSDMEKLAKATGAKIVTDLDDLTPSVLGEAETVEERKIGDDRMTFVMGCKNPKAVSILIRGGTDHVVSEVERALNDAIRVVAITKEDGKFLWGGGAVEAELAMRLAKYANSVGGREQLAIEAFAKALEIIPRTLAENAGIDPINTLIKLKADDEKGRISVGVDLDNNGVGDMKAKGVVDPLRVKTHALESAVEVATMILRIDDVI,chaperonin,2.6,1998-02-24,1999-03-23,x-ray diffraction,MMTGQVPILVLKEGTQREQGKNAQRNNIEAAKAIADAVRTTLGPKGMDKMLVDSIGDIIISNDGATILKEMDVEHPTAKMIVEVSKAQDTAVGDGTTTAVVLSGELLKQAETLLDQGVHPTVISNGYRLAVNEARKIIDEIAEKSTDDATLRKIALTALSGKNTGLSNDFLADLVVKAVNAVAEVRDGKTIVDTANIKVDKKNGGSVNDTQFISGIVIDKEKVHSKMPDVVKNAKIALIDSALEIKKTEIEAKVQISDPSKIQDFLNQETNTFKQMVEKIKKSGANVVLCQKGIDDVAQHYLAKEGIYAVRRVKKSDMEKLAKATGAKIVTDLDDLTPSVLGEAETVEERKIGDDRMTFVMGCKNPKAVSILIRGGTDHVVSEVERALNDAIRVVAITKEDGKFLWGGGAVEAELAMRLAKYANSVGGREQLAIEAFAKALEIIPRTLAENAGIDPINTLIKLKADDEKGRISVGVDLDNNGVGDMKAKGVVDPLRVKTHALESAVEVATMILRIDDVIASKKSTPPSGQGGQGQGMPGGGMPEY,545,1a6e.A.pdb
2rcs.H.pdb,217,QVQLQQSGAELVKPGASVKLSCTASGFNIKDTYMHWVKQRPEQGLEWIGRIDPANGNTKYDPKFQGKATITADTSSNTAYLQLSSLTSEDTAVYYCASYYGIYWGQGTTLTVSSASTKGPSVFPLAPSSKSTSGGTAALGCLVKDYFPEPVTVSWNSGALTSGVHTFPAVLQSSGLYSLSSVVTVPSSSLGTQTYICNVNHKPSNTKVDKKVEPKSC,germline antibody,2.1,1997-05-14,1997-11-12,x-ray diffraction,QVQLQQSGAELVKPGASVKLSCTASGFNIKDTYMHWVKQRPEQGLEWIGRIDPANGNTKYDPKFQGKATITADTSSNTAYLQLSSLTSEDTAVYYCASYYGIYWGQGTTLTVSSASTKGPSVFPLAPSSKSTSGGTAALGCLVKDYFPEPVTVSWNSGALTSGVHTFPAVLQSSGLYSLSSVVTVPSSSLGTQTYICNVNHKPSNTKVDKKVEPKSC,217,1aj7.H.pdb
1aw2.A.pdb,255,RHPVVMGNWKLNGSKEMVVDLLNGLNAELEGVTGVDVAVAPPALFVDLAERTLTEAGSAIILGAQNTDLNNSGAFTGDMSPAMLKEFGATHIIIGHSERREYHAESDEFVAKKFAFLKENGLTPVLCIGESDAQNEAGETMAVCARQLDAVINTQGVEALEGAIIAYEPIWAIGTGKAATAEDAQRIHAQIRAHIAEKSEAVAKNVVIQYGGSVKPENAAAYFAQPDIDGALVGGAALDAKSFAAIAKAAAEAKA,isomerase,2.65,1997-10-09,1998-01-28,x-ray diffraction,MRHPVVMGNWKLNGSKEMVVDLLNGLNAELEGVTGVDVAVAPPALFVDLAERTLTEAGSAIILGAQNTDLNNSGAFTGDMSPAMLKEFGATHIIIGHSERREYHAESDEFVAKKFAFLKENGLTPVLCIGESDAQNEAGETMAVCARQLDAVINTQGVEALEGAIIAYEPIWAIGTGKAATAEDAQRIHAQIRAHIAEKSEAVAKNVVIQYGGSVKPENAAAYFAQPDIDGALVGGAALDAKSFAAIAKAAAEAKA,256,1aw1.B.pdb
1rkm.A.pdb,517,ADVPAGVQLADKQTLVRNNGSEVQSLDPHKIEGVPESNVSRDLFEGLLISDVEGHPSPGVAEKWENKDFKVWTFHLRENAKWSDGTPVTAHDFVYSWQRLADPNTASPYASYLQYGHIANIDDIIAGKKPATDLGVKALDDHTFEVTLSEPVPYFYKLLVHPSVSPVPKSAVEKFGDKWTQPANIVTNGAYKLKNWVVNERIVLERNPQYWDNAKTVINQVTYLPISSEVTDVNRYRSGEIDMTYNNMPIELFQKLKKEIPNEVRVDPYLCTYYYEINNQKAPFNDVRVRTALKLALDRDIIVNKVKNQGDLPAYSYTPPYTDGAKLVEPEWFKWSQQKRNEEAKKLLAEAGFTADKPLTFDLLYNTSDLHKKLAIAVASIWKKNLGVNVNLENQEWKTFLDTRHQGTFDVARAGWCADYNEPTSFLNTMLSDSSNNTAHYKSPAFDKLIADTLKVADDTQRSELYAKAEQQLDKDSAIVPVYYYVNARLVKPWVGGYTGKDPLDNIYVKNLYIIKH,binding protein,2.4,1997-03-25,1997-07-29,x-ray diffraction,ADVPAGVQLADKQTLVRNNGSEVQSLDPHKIEGVPESNVSRDLFEGLLISDVEGHPSPGVAEKWENKDFKVWTFHLRENAKWSDGTPVTAHDFVYSWQRLADPNTASPYASYLQYGHIANIDDIIAGKKPATDLGVKALDDHTFEVTLSEPVPYFYKLLVHPSVSPVPKSAVEKFGDKWTQPANIVTNGAYKLKNWVVNERIVLERNPQYWDNAKTVINQVTYLPISSEVTDVNRYRSGEIDMTYNNMPIELFQKLKKEIPNEVRVDPYLCTYYYEINNQKAPFNDVRVRTALKLALDRDIIVNKVKNQGDLPAYSYTPPYTDGAKLVEPEWFKWSQQKRNEEAKKLLAEAGFTADKPLTFDLLYNTSDLHKKLAIAVASIWKKNLGVNVNLENQEWKTFLDTRHQGTFDVARAGWCADYNEPTSFLNTMLSDSSNNTAHYKSPAFDKLIADTLKVADDTQRSELYAKAEQQLDKDSAIVPVYYYVNARLVKPWVGGYTGKDPLDNIYVKNLYIIKH,517,1b6h.A.pdb
7azp.A.pdb,525,AAKDVKFGADARALMLQGVDLLADAVAVTMGPKGRTVIIEQSWGSPKVTKDGVTVAKSIDLKDKYKNIGAKLVQDVANNTNEEAGDGTTTATVLARSIAKEGFEKISKGANPVEIRRGVMLAVDAVIAELKKQSKPVTTPEEIAQVATISANGDKEIGNIISDAMKKVGRKGVITVKDGKTLNDELEIIEGMKFDRGYISPYFINTSKGQKCEFQDAYVLLSEKKISSIQSIVPALEIANAHRKPLVIIAEDVDGEALSTLVLNRLKVGLQVVAVKAPGFGDNRKNQLKDMAIATGGAVFGEEGLTLNLEDVQPHDLGKVGEVIVTKDDAMLLKGKGDKAQIEKRIQEIIEQLDVTTSEYEKEKLNERLAKLSDGVAVLKVGGTSDVEVNEKKDRVTDALNATRAAVEEGIVLGGGCALLRCIPALDSLTPANEDQKIGIEIIKRTLKIPAMTIAKNAGVEGSLIVEKIMQSSSEVGYDAMAGDFVNMVEKGIIDPTKVVRTALLDAAGVASLLTTAEVVVTEIP,chaperone,3.5,2020-11-17,2021-02-10,electron microscopy,SNAAKDVKFGADARALMLQGVDLLADAVAVTMGPKGRTVIIEQSWGSPKVTKDGVTVAKSIDLKDKYKNIGAKLVQDVANNTNEEAGDGTTTATVLARSIAKEGFEKISKGANPVEIRRGVMLAVDAVIAELKKQSKPVTTPEEIAQVATISANGDKEIGNIISDAMKKVGRKGVITVKDGKTLNDELEIIEGMKFDRGYISPYFINTSKGQKCEFQDAYVLLSEKKISSIQSIVPALEIANAHRKPLVIIAEDVDGEALSTLVLNRLKVGLQVVAVKAPGFGDNRKNQLKDMAIATGGAVFGEEGLTLNLEDVQPHDLGKVGEVIVTKDDAMLLKGKGDKAQIEKRIQEIIEQLDVTTSEYEKEKLNERLAKLSDGVAVLKVGGTSDVEVNEKKDRVTDALNATRAAVEEGIVLGGGCALLRCIPALDSLTPANEDQKIGIEIIKRTLKIPAMTIAKNAGVEGSLIVEKIMQSSSEVGYDAMAGDFVNMVEKGIIDPTKVVRTALLDAAGVASLLTTAEVVVTEIPKEEKDPGMGAMGGMGGGMGGGMF,550,4pj1.A.pdb
4lp5.A.pdb,302,GAMAQNITARIGEPLVLKCKGAPKKPPQRLEWKLNTGRTEAWKVLSPQGGGPWDSVARVLPNGSLFLPAVGIQDEGIFRCQAMNRNGKETKSNYRVRVYQIPGKPEIVDSASELTAGVPNKVGTCVSEGSYPAGTLSWHLDGKPLVPNEKGVSVKEQTRRHPETGLFTLQSELMVTPARGGDPRPTFSCSFSPGLPRHRALRTAPIQPRVWEPVPLEEVQLVVEPEGGAVAPGGTVTLTCEVPAQPSPQIHWMKDGVPLPLPPSPVLILPEIGPQDQGTYSCVATHSSHGPQESRAVSISII,signaling protein,3.8,2013-07-15,2013-10-16,x-ray diffraction,GAMAQNITARIGEPLVLKCKGAPKKPPQRLEWKLNTGRTEAWKVLSPQGGGPWDSVARVLPNGSLFLPAVGIQDEGIFRCQAMNRNGKETKSNYRVRVYQIPGKPEIVDSASELTAGVPNKVGTCVSEGSYPAGTLSWHLDGKPLVPNEKGVSVKEQTRRHPETGLFTLQSELMVTPARGGDPRPTFSCSFSPGLPRHRALRTAPIQPRVWEPVPLEEVQLVVEPEGGAVAPGGTVTLTCEVPAQPSPQIHWMKDGVPLPLPPSPVLILPEIGPQDQGTYSCVATHSSHGPQESRAVSISIIEP,304,4p2y.A.pdb
1cfc.A.pdb,148,ADQLTEEQIAEFKEAFSLFDKDGDGTITTKELGTVMRSLGQNPTEAELQDMINEVDADGNGTIDFPEFLTMMARKMKDTDSEEEIREAFRVFDKDGNGYISAAELRHVMTNLGEKLTDEEVDEMIREADIDGDGQVNYEEFVQMMTAK,calcium-binding protein,,1995-08-02,1995-12-07,solution nmr,ADQLTEEQIAEFKEAFSLFDKDGDGTITTKELGTVMRSLGQNPTEAELQDMINEVDADGNGTIDFPEFLTMMARKMKDTDSEEEIREAFRVFDKDGNGYISAAELRHVMTNLGEKLTDEEVDEMIREADIDGDGQVNYEEFVQMMTAK,148,5dow.A.pdb
2kq2.A.pdb,147,MDDRTEYDVYTDGSYVNGQYAWAYAFVKDGKVHYEDADVGKNPAAATMRNVAGEIAAALYAVKKASQLGVKIRILHDYAGIAFWATGEWKAKNEFTQAYAKLMNQYRGIYSFEKVKAHSGNEFNDYVDMKAKSALGIRDLEHHHHHH,hydrolase,,2009-10-24,2010-03-16,solution nmr,MDDRTEYDVYTDGSYVNGQYAWAYAFVKDGKVHYEDADVGKNPAAATMRNVAGEIAAALYAVKKASQLGVKIRILHDYAGIAFWATGEWKAKNEFTQAYAKLMNQYRGIYSFEKVKAHSGNEFNDYVDMKAKSALGIRDLEHHHHHH,147,2kw4.A.pdb
1dmo.A.pdb,148,ADQLTEEQIAEFKEAFSLFDKDGDGTITTKELGTVMRSLGQNPTEAELQDMINEVDADGNGTIDFPEFLTMMARKMKDTDSEEEIREAFRVFDKDGNGYISAAELRHVMTNLGEKLTDEEVDEMIREANIDGDGQVNYEEFVQMMTAK,calcium-binding protein,,1996-04-24,1996-08-01,solution nmr,ADQLTEEQIAEFKEAFSLFDKDGDGTITTKELGTVMRSLGQNPTEAELQDMINEVDADGNGTIDFPEFLTMMARKMKDTDSEEEIREAFRVFDKDGNGYISAAELRHVMTNLGEKLTDEEVDEMIREANIDGDGQVNYEEFVQMMTAK,148,3cln.A.pdb
