"Target","Submission Date","Difficulty = 75 for Easy, average lDDT between 50 and 75 for Medium and average lDDT Hard. Help section"">","Quaternary State of Target","# of Monomeric Models (Homo-oligomeric)","ref. PDB [Chain]","Sequence Length (residues)","Method","Resolution"
"2022-12-31_00000037_1","2022-12-31","1","0","48","7ym0 [A]","308","X-RAY DIFFRACTION","2.91"
"2022-12-24_00000000_3","2022-12-24","2","1","46","7ox1 [Z]","130","X-RAY DIFFRACTION","2.49"
"2022-12-24_00000012_1","2022-12-24","1","2","48","7qiu [A]","268","X-RAY DIFFRACTION","1.877"
"2022-12-24_00000017_1","2022-12-24","1","0","46","7qjn [A]","291","X-RAY DIFFRACTION","1.885"
"2022-12-24_00000018_1","2022-12-24","0","0","38","7qjo [B]","271","X-RAY DIFFRACTION","1.933"
"2022-12-24_00000023_1","2022-12-24","0","0","42","7qjt [A]","268","X-RAY DIFFRACTION","1.78"
"2022-12-24_00000069_1","2022-12-24","1","0","48","7uss [A]","361","X-RAY DIFFRACTION","1.9"
"2022-12-24_00000071_2","2022-12-24","0","1","42","7usv [D]","130","X-RAY DIFFRACTION","2.1"
"2022-12-24_00000119_1","2022-12-24","1","0","43","7x0b [B]","322","X-RAY DIFFRACTION","2.02028"
"2022-12-24_00000139_1","2022-12-24","1","2","51","7zgt [A]","275","X-RAY DIFFRACTION","2.05"
"2022-12-24_00000152_1","2022-12-24","1","2","42","7zr3 [A]","345","X-RAY DIFFRACTION","2.01"
"2022-12-24_00000169_1","2022-12-24","1","0","43","8akp [A]","290","X-RAY DIFFRACTION","1.9"
"2022-12-24_00000211_1","2022-12-24","1","0","44","8bfh [A]","179","X-RAY DIFFRACTION","2.2"
"2022-12-24_00000212_1","2022-12-24","1","1","42","8bfi [A]","778","X-RAY DIFFRACTION","3"
"2022-12-24_00000212_2","2022-12-24","1","1","48","8bfi [B]","718","X-RAY DIFFRACTION","3"
"2022-12-24_00000212_3","2022-12-24","2","1","45","8bfi [C]","455","X-RAY DIFFRACTION","3"
"2022-12-24_00000226_1","2022-12-24","1","2","37","8dfk [A]","157","X-RAY DIFFRACTION","3.2"
"2022-12-24_00000247_1","2022-12-24","0","0","41","8gtl [A]","409","X-RAY DIFFRACTION","3.2"
"2022-12-17_00000001_1","2022-12-17","1","2","46","7ovv [B]","200","X-RAY DIFFRACTION","1.45"
"2022-12-17_00000017_1","2022-12-17","1","0","47","7qfi [B]","162","X-RAY DIFFRACTION","1.5"
"2022-12-17_00000018_1","2022-12-17","1","0","44","7qfj [D]","189","X-RAY DIFFRACTION","2.5"
"2022-12-17_00000043_1","2022-12-17","1","0","46","7t8j [A]","157","X-RAY DIFFRACTION","1.89"
"2022-12-17_00000056_1","2022-12-17","0","0","44","7txl [A]","277","X-RAY DIFFRACTION","2.44"
"2022-12-17_00000087_1","2022-12-17","0","2","46","7wbc [A]","258","X-RAY DIFFRACTION","2"
"2022-12-17_00000140_1","2022-12-17","0","0","45","7y50 [A]","378","X-RAY DIFFRACTION","2"
"2022-12-17_00000160_1","2022-12-17","1","0","45","8b2m [A]","118","X-RAY DIFFRACTION","1.7"
"2022-12-17_00000176_2","2022-12-17","0","1","43","8d47 [B]","242","X-RAY DIFFRACTION","2"
"2022-12-17_00000177_1","2022-12-17","0","0","42","8d4o [A]","100","X-RAY DIFFRACTION","1.45"
"2022-12-17_00000186_3","2022-12-17","0","1","40","8dam [C]","130","X-RAY DIFFRACTION","2"
"2022-12-17_00000202_2","2022-12-17","2","1","41","8ehe [B]","152","X-RAY DIFFRACTION","1.1"
"2022-12-17_00000211_2","2022-12-17","1","1","46","8fbd [B]","487","X-RAY DIFFRACTION","2.05"
"2022-12-17_00000223_2","2022-12-17","1","1","41","8h6s [D]","136","X-RAY DIFFRACTION","3"
"2022-12-17_00000228_1","2022-12-17","1","2","46","8heh [B]","164","X-RAY DIFFRACTION","1.4"
"2022-12-10_00000006_1","2022-12-10","0","0","51","7on7 [A]","322","X-RAY DIFFRACTION","1.95"
"2022-12-10_00000008_1","2022-12-10","0","0","51","7ona [A]","310","X-RAY DIFFRACTION","1.45"
"2022-12-10_00000009_1","2022-12-10","0","0","51","7onc [A]","286","X-RAY DIFFRACTION","1.49"
"2022-12-10_00000011_1","2022-12-10","0","0","50","7ong [A]","304","X-RAY DIFFRACTION","1.95"
"2022-12-10_00000022_1","2022-12-10","0","2","53","7qcp [B]","327","X-RAY DIFFRACTION","1.11"
"2022-12-10_00000040_1","2022-12-10","0","2","58","7r3i [B]","241","X-RAY DIFFRACTION","3.1"
"2022-12-10_00000052_1","2022-12-10","1","0","51","7t1s [A]","258","X-RAY DIFFRACTION","1.91"
"2022-12-10_00000078_2","2022-12-10","0","1","53","7ula [A]","487","X-RAY DIFFRACTION","2.46"
"2022-12-10_00000080_1","2022-12-10","1","1","52","7upo [A]","75","X-RAY DIFFRACTION","2.1"
"2022-12-10_00000080_3","2022-12-10","1","1","52","7upo [C]","77","X-RAY DIFFRACTION","2.1"
"2022-12-10_00000082_2","2022-12-10","1","1","53","7upq [B]","77","X-RAY DIFFRACTION","3.35"
"2022-12-10_00000153_1","2022-12-10","0","2","55","7zht [A]","562","X-RAY DIFFRACTION","2.8"
"2022-12-10_00000179_2","2022-12-10","1","1","53","8ako [B]","246","X-RAY DIFFRACTION","2.293"
"2022-12-10_00000225_1","2022-12-10","0","2","50","8dko [B]","412","X-RAY DIFFRACTION","1.8"
"2022-12-10_00000255_2","2022-12-10","1","1","47","8ejm [B]","74","X-RAY DIFFRACTION","1.8"
"2022-12-03_00000034_1","2022-12-03","1","0","53","7sub [A]","267","X-RAY DIFFRACTION","1.78"
"2022-12-03_00000047_1","2022-12-03","0","0","50","7t84 [B]","128","X-RAY DIFFRACTION","1.6"
"2022-12-03_00000051_2","2022-12-03","1","1","55","7u20 [B]","428","X-RAY DIFFRACTION","3.1"
"2022-12-03_00000081_1","2022-12-03","0","0","52","7w19 [A]","302","X-RAY DIFFRACTION","1.9"
"2022-12-03_00000094_1","2022-12-03","0","1","49","7w5c [A]","355","X-RAY DIFFRACTION","2.201"
"2022-12-03_00000116_1","2022-12-03","2","0","51","7xga [A]","126","SOLUTION NMR","0"
"2022-12-03_00000119_1","2022-12-03","1","2","37","7y4i [A]","914","X-RAY DIFFRACTION","2.85"
"2022-12-03_00000120_1","2022-12-03","0","2","44","7y55 [A]","237","X-RAY DIFFRACTION","2.19113"
"2022-12-03_00000131_1","2022-12-03","1","2","49","7z27 [A]","189","X-RAY DIFFRACTION","1.45"
"2022-12-03_00000139_2","2022-12-03","1","1","45","7zhr [B]","90","X-RAY DIFFRACTION","2.99"
"2022-12-03_00000184_2","2022-12-03","1","1","48","8bgm [D]","491","X-RAY DIFFRACTION","2.7"
"2022-12-03_00000185_2","2022-12-03","0","1","46","8bnt [B]","245","X-RAY DIFFRACTION","1.4"
"2022-12-03_00000198_3","2022-12-03","1","1","50","8dcy [C]","274","X-RAY DIFFRACTION","3.62"
"2022-12-03_00000248_1","2022-12-03","1","2","49","8hhe [B]","808","X-RAY DIFFRACTION","4.5"
"2022-12-03_00000249_1","2022-12-03","1","0","51","8hjc [A]","33","SOLUTION NMR","0"
"2022-11-26_00000015_1","2022-11-26","2","0","48","7qb0 [A]","127","SOLUTION NMR","0"
"2022-11-26_00000024_1","2022-11-26","1","0","54","7sua [A]","281","X-RAY DIFFRACTION","1.65"
"2022-11-26_00000029_1","2022-11-26","0","0","49","7tef [A]","456","X-RAY DIFFRACTION","1.98"
"2022-11-26_00000030_1","2022-11-26","1","1","42","7thn [B]","499","X-RAY DIFFRACTION","1.6"
"2022-11-26_00000040_1","2022-11-26","0","2","49","7us3 [A]","466","X-RAY DIFFRACTION","2.2"
"2022-11-26_00000045_2","2022-11-26","1","1","35","7vru [C]","383","X-RAY DIFFRACTION","2.4"
"2022-11-26_00000082_1","2022-11-26","0","2","43","7z2u [A]","282","X-RAY DIFFRACTION","1.9"
"2022-11-26_00000087_1","2022-11-26","1","1","50","7zj3 [A]","97","X-RAY DIFFRACTION","2.53"
"2022-11-26_00000116_1","2022-11-26","1","0","53","8b02 [B]","113","X-RAY DIFFRACTION","1.676"
"2022-11-26_00000132_1","2022-11-26","2","1","50","8bd1 [A]","134","X-RAY DIFFRACTION","1.26"
"2022-11-26_00000149_1","2022-11-26","0","2","47","8dht [A]","441","X-RAY DIFFRACTION","1.699"
"2022-11-26_00000169_1","2022-11-26","1","0","57","8e1z [A]","184","X-RAY DIFFRACTION","2.3"
"2022-11-26_00000170_1","2022-11-26","1","0","47","8e83 [A]","503","X-RAY DIFFRACTION","2"
"2022-11-26_00000205_1","2022-11-26","0","2","53","8f8u [A]","328","X-RAY DIFFRACTION","2.85"
"2022-11-19_00000091_3","2022-11-19","1","1","42","7s83 [A]","131","X-RAY DIFFRACTION","2.52"
"2022-11-19_00000180_1","2022-11-19","0","2","48","7w0i [A]","343","X-RAY DIFFRACTION","1.75"
"2022-11-19_00000182_1","2022-11-19","1","0","46","7w1i [A]","497","X-RAY DIFFRACTION","1.67"
"2022-11-19_00000192_2","2022-11-19","1","1","46","7wki [B]","142","X-RAY DIFFRACTION","2.6"
"2022-11-19_00000196_2","2022-11-19","2","1","41","7wrs [B]","301","X-RAY DIFFRACTION","2.4"
"2022-11-19_00000198_1","2022-11-19","1","2","50","7wxz [A]","209","X-RAY DIFFRACTION","2.41"
"2022-11-19_00000200_1","2022-11-19","0","2","45","7xc3 [A]","127","X-RAY DIFFRACTION","1.7"
"2022-11-19_00000221_1","2022-11-19","0","0","39","7z6b [A]","295","X-RAY DIFFRACTION","1.4"
"2022-11-19_00000258_1","2022-11-19","2","0","41","7zhl [A]","116","X-RAY DIFFRACTION","2.2"
"2022-11-19_00000268_1","2022-11-19","2","0","43","7ztb [A]","373","X-RAY DIFFRACTION","2.312"
"2022-11-19_00000304_1","2022-11-19","1","2","38","8b8b [A]","112","X-RAY DIFFRACTION","2.15"
"2022-11-19_00000342_2","2022-11-19","0","1","43","8ew6 [V]","137","X-RAY DIFFRACTION","1.904"
"2022-11-12_00000029_2","2022-11-12","0","1","41","7q3r [F]","142","X-RAY DIFFRACTION","1.92"
"2022-11-12_00000071_1","2022-11-12","2","0","40","7qce [A]","209","X-RAY DIFFRACTION","2.1"
"2022-11-12_00000075_3","2022-11-12","1","1","47","7qy5 [B]","338","X-RAY DIFFRACTION","2.77"
"2022-11-12_00000106_2","2022-11-12","0","1","40","7uby [C]","151","X-RAY DIFFRACTION","2.1"
"2022-11-12_00000133_1","2022-11-12","0","2","48","7vz6 [A]","386","X-RAY DIFFRACTION","2.092"
"2022-11-12_00000171_1","2022-11-12","0","2","50","7ya2 [B]","374","X-RAY DIFFRACTION","3.2"
"2022-11-12_00000250_1","2022-11-12","1","0","46","8b7s [A]","542","X-RAY DIFFRACTION","2.1"
"2022-11-12_00000303_1","2022-11-12","0","2","46","8eh2 [A]","261","X-RAY DIFFRACTION","2.4"
"2022-11-12_00000314_1","2022-11-12","0","0","45","8f09 [A]","167","X-RAY DIFFRACTION","2.45"
"2022-11-12_00000315_1","2022-11-12","1","0","41","8gr2 [A]","227","X-RAY DIFFRACTION","1.65"
"2022-11-05_00000069_1","2022-11-05","1","0","42","7rgs [A]","108","X-RAY DIFFRACTION","2.1"
"2022-11-05_00000156_1","2022-11-05","1","2","43","7w63 [B]","397","X-RAY DIFFRACTION","2.32"
"2022-11-05_00000161_1","2022-11-05","2","0","36","7we3 [A]","31","SOLUTION NMR","0"
"2022-11-05_00000163_3","2022-11-05","1","1","38","7wg3 [K]","255","X-RAY DIFFRACTION","2.19"
"2022-11-05_00000180_2","2022-11-05","1","1","42","7x5e [B]","113","X-RAY DIFFRACTION","2.3"
"2022-11-05_00000218_1","2022-11-05","0","2","32","7zou [A]","234","X-RAY DIFFRACTION","1.58"
"2022-11-05_00000247_1","2022-11-05","0","0","41","8axp [A]","192","X-RAY DIFFRACTION","1.83"
"2022-11-05_00000284_1","2022-11-05","0","2","40","8dvh [A]","206","X-RAY DIFFRACTION","1.9"
"2022-11-05_00000298_1","2022-11-05","1","0","40","8ep4 [A]","267","X-RAY DIFFRACTION","1.94"
"2022-11-05_00000309_1","2022-11-05","0","2","32","8ewu [B]","373","X-RAY DIFFRACTION","1.45"
"2022-11-05_00000331_1","2022-11-05","0","2","38","8h2c [A]","349","X-RAY DIFFRACTION","2.9"
"2022-11-05_00000332_1","2022-11-05","0","2","41","8h4z [A]","405","X-RAY DIFFRACTION","2.2"
"2022-10-29_00000314_1","2022-10-29","1","0","33","7r0k [A]","736","X-RAY DIFFRACTION","2.972"
"2022-10-29_00000350_1","2022-10-29","1","2","45","7twl [D]","400","X-RAY DIFFRACTION","1.86"
"2022-10-29_00000360_1","2022-10-29","2","2","48","7uln [A]","238","X-RAY DIFFRACTION","1.53"
"2022-10-29_00000380_1","2022-10-29","0","0","46","7vtk [A]","373","X-RAY DIFFRACTION","1.90697"
"2022-10-29_00000388_1","2022-10-29","1","0","47","7vud [A]","559","X-RAY DIFFRACTION","2.8"
"2022-10-29_00000389_1","2022-10-29","1","0","34","7vyx [A]","1310","X-RAY DIFFRACTION","3.2"
"2022-10-29_00000403_2","2022-10-29","1","1","48","7xhv [B]","211","X-RAY DIFFRACTION","3.996"
"2022-10-29_00000405_2","2022-10-29","1","1","49","7xi4 [B]","356","X-RAY DIFFRACTION","4.707"
"2022-10-29_00000417_1","2022-10-29","0","2","49","7yp4 [B]","437","X-RAY DIFFRACTION","3.1"
"2022-10-29_00000436_1","2022-10-29","0","2","46","7zrn [A]","343","X-RAY DIFFRACTION","1.82"
"2022-10-29_00000445_1","2022-10-29","1","2","46","8a59 [A]","239","X-RAY DIFFRACTION","1.92"
"2022-10-29_00000463_1","2022-10-29","0","0","45","8b2p [A]","470","X-RAY DIFFRACTION","1.95"
"2022-10-29_00000482_1","2022-10-29","1","0","43","8d89 [A]","405","X-RAY DIFFRACTION","1.6"
"2022-10-29_00000495_1","2022-10-29","1","1","49","8dgq [A]","273","X-RAY DIFFRACTION","1.95"
"2022-10-22_00000006_1","2022-10-22","0","1","51","7ocj [G]","115","X-RAY DIFFRACTION","2.7"
"2022-10-22_00000042_1","2022-10-22","0","2","48","7sh1 [B]","812","X-RAY DIFFRACTION","2.041"
"2022-10-22_00000047_1","2022-10-22","1","0","44","7skh [B]","227","X-RAY DIFFRACTION","2.265"
"2022-10-22_00000048_1","2022-10-22","0","2","46","7skj [A]","275","X-RAY DIFFRACTION","1.9"
"2022-10-22_00000081_1","2022-10-22","0","2","53","7vqk [A]","199","X-RAY DIFFRACTION","2"
"2022-10-22_00000085_1","2022-10-22","0","2","44","7vr2 [A]","344","X-RAY DIFFRACTION","2.4"
"2022-10-22_00000087_1","2022-10-22","0","1","54","7vrf [A]","71","X-RAY DIFFRACTION","1.7"
"2022-10-22_00000091_1","2022-10-22","0","2","57","7w06 [A]","292","X-RAY DIFFRACTION","1.5"
"2022-10-22_00000097_2","2022-10-22","0","1","48","7w52 [B]","148","X-RAY DIFFRACTION","2.001"
"2022-10-22_00000102_1","2022-10-22","0","0","44","7wat [B]","787","X-RAY DIFFRACTION","2"
"2022-10-22_00000105_1","2022-10-22","2","0","54","7wbn [A]","98","SOLUTION NMR","0"
"2022-10-22_00000107_1","2022-10-22","1","0","51","7wf6 [A]","152","X-RAY DIFFRACTION","3.25"
"2022-10-22_00000108_1","2022-10-22","1","0","53","7wf8 [B]","131","X-RAY DIFFRACTION","1.35"
"2022-10-22_00000109_1","2022-10-22","1","2","55","7wf9 [A]","126","X-RAY DIFFRACTION","2.55"
"2022-10-22_00000110_1","2022-10-22","0","2","53","7wjt [B]","64","X-RAY DIFFRACTION","2.3"
"2022-10-22_00000130_1","2022-10-22","0","2","48","7y3k [A]","79","X-RAY DIFFRACTION","2.501"
"2022-10-15_00000006_1","2022-10-15","0","0","47","7q9e [C]","416","X-RAY DIFFRACTION","1.7"
"2022-10-15_00000035_1","2022-10-15","0","2","52","7t12 [B]","232","X-RAY DIFFRACTION","3"
"2022-10-15_00000082_2","2022-10-15","1","2","55","7vp3 [C]","72","X-RAY DIFFRACTION","3.003"
"2022-10-15_00000085_1","2022-10-15","0","2","58","7vp6 [D]","67","X-RAY DIFFRACTION","2.57"
"2022-10-15_00000089_1","2022-10-15","1","2","51","7w42 [B]","425","X-RAY DIFFRACTION","2.619"
"2022-10-15_00000093_1","2022-10-15","0","0","52","7w8u [A]","369","X-RAY DIFFRACTION","2.25"
"2022-10-15_00000098_1","2022-10-15","1","0","53","7wa9 [A]","148","X-RAY DIFFRACTION","1.9"
"2022-10-15_00000149_1","2022-10-15","0","2","55","7yvz [A]","85","X-RAY DIFFRACTION","1.7"
"2022-10-15_00000150_1","2022-10-15","2","2","53","7ywq [A]","79","SOLUTION NMR","0"
"2022-10-15_00000163_1","2022-10-15","1","0","51","8a28 [A]","382","X-RAY DIFFRACTION","2.4"
"2022-10-15_00000179_1","2022-10-15","0","2","51","8b26 [A]","365","X-RAY DIFFRACTION","2.42"
"2022-10-15_00000181_1","2022-10-15","1","0","53","8b55 [A]","239","X-RAY DIFFRACTION","1.356"
"2022-10-15_00000184_1","2022-10-15","1","2","52","8b73 [A]","413","X-RAY DIFFRACTION","2.24"
"2022-10-15_00000210_1","2022-10-15","0","2","53","8gxf [B]","193","X-RAY DIFFRACTION","3.04"
"2022-10-08_00000264_1","2022-10-08","2","0","51","7n99 [A]","77","SOLUTION NMR","0"
"2022-10-08_00000267_1","2022-10-08","1","0","52","7pup [A]","490","X-RAY DIFFRACTION","1.91"
"2022-10-08_00000279_1","2022-10-08","1","0","54","7qe1 [A]","759","X-RAY DIFFRACTION","1.95"
"2022-10-08_00000286_1","2022-10-08","0","1","50","7qsw [C]","476","X-RAY DIFFRACTION","1.8"
"2022-10-08_00000286_2","2022-10-08","0","1","51","7qsw [B]","105","X-RAY DIFFRACTION","1.8"
"2022-10-08_00000287_1","2022-10-08","0","2","50","7qsx [A]","457","X-RAY DIFFRACTION","2.7"
"2022-10-08_00000293_1","2022-10-08","2","0","56","7roa [A]","136","X-RAY DIFFRACTION","1.82"
"2022-10-08_00000315_2","2022-10-08","1","1","48","7tgi [B]","131","X-RAY DIFFRACTION","2.104"
"2022-10-08_00000316_2","2022-10-08","0","1","49","7th2 [C]","132","X-RAY DIFFRACTION","1.838"
"2022-10-08_00000327_1","2022-10-08","1","0","52","7ux0 [A]","122","X-RAY DIFFRACTION","1.49"
"2022-10-08_00000334_1","2022-10-08","1","2","53","7vma [A]","620","X-RAY DIFFRACTION","2.804"
"2022-10-08_00000343_1","2022-10-08","1","2","54","7wj0 [A]","52","SOLUTION NMR","0"
"2022-10-08_00000360_1","2022-10-08","1","1","50","7y0i [A]","56","SOLUTION NMR","0"
"2022-10-08_00000362_1","2022-10-08","1","1","50","7y8u [E]","395","X-RAY DIFFRACTION","2.1"
"2022-10-08_00000367_1","2022-10-08","1","1","54","7yta [B]","151","X-RAY DIFFRACTION","2.31"
"2022-10-08_00000368_1","2022-10-08","0","0","52","7yvt [B]","295","X-RAY DIFFRACTION","2.38"
"2022-10-08_00000377_1","2022-10-08","1","0","58","7zgi [B]","481","X-RAY DIFFRACTION","2.6"
"2022-10-01_00000031_1","2022-10-01","1","2","52","7pwe [A]","196","X-RAY DIFFRACTION","2.077"
"2022-10-01_00000035_1","2022-10-01","0","2","49","7qys [L]","309","X-RAY DIFFRACTION","2.9"
"2022-10-01_00000088_1","2022-10-01","0","0","49","7snj [A]","536","X-RAY DIFFRACTION","1.74"
"2022-10-01_00000099_1","2022-10-01","1","2","49","7sz2 [B]","198","X-RAY DIFFRACTION","2.2"
"2022-10-01_00000133_1","2022-10-01","1","2","50","7uav [A]","125","X-RAY DIFFRACTION","2.2"
"2022-10-01_00000153_1","2022-10-01","1","0","48","7vil [A]","127","SOLUTION NMR","0"
"2022-10-01_00000185_1","2022-10-01","1","2","49","7yrt [C]","118","X-RAY DIFFRACTION","2.27"
"2022-10-01_00000216_1","2022-10-01","0","2","49","8b5t [A]","230","X-RAY DIFFRACTION","2.1"
"2022-10-01_00000217_1","2022-10-01","0","2","49","8b5v [A]","245","X-RAY DIFFRACTION","1.6"
"2022-10-01_00000226_1","2022-10-01","2","0","48","8doa [A]","64","SOLUTION NMR","0"
"2022-10-01_00000232_1","2022-10-01","1","2","49","8e8t [B]","434","X-RAY DIFFRACTION","2.18"
"2022-10-01_00000233_1","2022-10-01","1","2","52","8e8u [C]","452","X-RAY DIFFRACTION","2.65"
"2022-09-24_00000010_1","2022-09-24","1","2","41","7n3y [A]","413","X-RAY DIFFRACTION","2.73"
"2022-09-24_00000014_1","2022-09-24","1","0","41","7oju [A]","216","X-RAY DIFFRACTION","1.1"
"2022-09-24_00000022_1","2022-09-24","0","0","41","7pqi [A]","206","X-RAY DIFFRACTION","1.9"
"2022-09-24_00000025_1","2022-09-24","2","0","39","7pqw [A]","50","SOLUTION NMR","0"
"2022-09-24_00000032_1","2022-09-24","1","0","43","7qau [A]","236","X-RAY DIFFRACTION","2.3"
"2022-09-24_00000065_1","2022-09-24","1","0","41","7r3w [D]","320","X-RAY DIFFRACTION","3.6"
"2022-09-24_00000087_1","2022-09-24","0","0","40","7tvw [A]","275","X-RAY DIFFRACTION","1.48"
"2022-09-24_00000177_1","2022-09-24","1","0","40","7xtm [B]","164","X-RAY DIFFRACTION","1.47"
"2022-09-24_00000249_1","2022-09-24","0","2","40","8cwp [A]","354","X-RAY DIFFRACTION","1.8"
"2022-09-24_00000252_1","2022-09-24","1","2","40","8d03 [A]","70","X-RAY DIFFRACTION","1.75"
"2022-09-24_00000257_1","2022-09-24","1","2","40","8d08 [D]","70","X-RAY DIFFRACTION","3.3"
"2022-09-24_00000267_1","2022-09-24","1","0","41","8day [A]","419","X-RAY DIFFRACTION","2.55"
"2022-09-24_00000279_1","2022-09-24","0","1","40","8ds5 [A]","164","X-RAY DIFFRACTION","1.926"
"2022-09-17_00000009_1","2022-09-17","0","2","56","7m1z [B]","430","X-RAY DIFFRACTION","2.27"
"2022-09-17_00000013_1","2022-09-17","1","0","33","7nsn [A]","1411","X-RAY DIFFRACTION","2.29"
"2022-09-17_00000048_1","2022-09-17","0","0","53","7q6d [A]","405","X-RAY DIFFRACTION","2.8"
"2022-09-17_00000050_1","2022-09-17","0","0","54","7q6g [A]","396","X-RAY DIFFRACTION","2.8"
"2022-09-17_00000092_1","2022-09-17","0","2","54","7vmf [A]","96","X-RAY DIFFRACTION","1.32"
"2022-09-17_00000093_1","2022-09-17","1","2","54","7vmh [C]","103","X-RAY DIFFRACTION","1.85"
"2022-09-17_00000101_2","2022-09-17","0","1","54","7w7h [E]","277","X-RAY DIFFRACTION","2.6"
"2022-09-17_00000103_2","2022-09-17","1","1","55","7whf [G]","284","X-RAY DIFFRACTION","2.1"
"2022-09-17_00000114_1","2022-09-17","0","0","54","7xce [A]","268","X-RAY DIFFRACTION","2.5"
"2022-09-17_00000122_1","2022-09-17","1","2","52","7y3w [A]","444","X-RAY DIFFRACTION","1.9"
"2022-09-17_00000130_1","2022-09-17","0","2","52","7ycv [A]","63","X-RAY DIFFRACTION","2.61"
"2022-09-17_00000141_1","2022-09-17","0","2","55","7z06 [A]","196","X-RAY DIFFRACTION","1.74"
"2022-09-17_00000171_1","2022-09-17","1","0","56","7zty [A]","502","X-RAY DIFFRACTION","2.89"
"2022-09-10_00000002_2","2022-09-10","0","1","23","7f60 [D]","1817","X-RAY DIFFRACTION","2.85"
"2022-09-10_00000004_1","2022-09-10","0","1","53","7oj1 [A]","401","X-RAY DIFFRACTION","2.44"
"2022-09-10_00000005_1","2022-09-10","0","2","53","7oj2 [A]","384","X-RAY DIFFRACTION","1.76"
"2022-09-10_00000085_1","2022-09-10","1","2","47","7t5w [B]","44","X-RAY DIFFRACTION","1.75"
"2022-09-10_00000086_1","2022-09-10","1","0","52","7tif [A]","518","X-RAY DIFFRACTION","2.85"
"2022-09-10_00000123_1","2022-09-10","0","1","52","7upm [A]","264","X-RAY DIFFRACTION","2.7"
"2022-09-10_00000127_2","2022-09-10","1","1","54","7vd7 [B]","44","X-RAY DIFFRACTION","1.43"
"2022-09-10_00000136_1","2022-09-10","0","0","52","7vfc [A]","228","X-RAY DIFFRACTION","1.21"
"2022-09-10_00000137_1","2022-09-10","0","0","52","7vfq [C]","411","X-RAY DIFFRACTION","1.55"
"2022-09-10_00000150_1","2022-09-10","1","0","56","7wfx [A]","507","X-RAY DIFFRACTION","1.95"
"2022-09-10_00000157_1","2022-09-10","0","0","52","7x0g [A]","292","X-RAY DIFFRACTION","2.1"
"2022-09-10_00000167_1","2022-09-10","0","2","47","7x0q [A]","370","X-RAY DIFFRACTION","2.9"
"2022-09-10_00000168_1","2022-09-10","0","0","48","7x0r [B]","334","X-RAY DIFFRACTION","1.47"
"2022-09-10_00000170_1","2022-09-10","1","0","54","7x15 [A]","262","X-RAY DIFFRACTION","2.852"
"2022-09-03_00000033_1","2022-09-03","0","2","51","7pk5 [A]","369","X-RAY DIFFRACTION","4.4"
"2022-09-03_00000040_1","2022-09-03","1","2","56","7pkw [A]","268","X-RAY DIFFRACTION","1.835"
"2022-09-03_00000043_1","2022-09-03","1","0","51","7pl4 [A]","31","SOLUTION NMR","0"
"2022-09-03_00000045_1","2022-09-03","1","0","54","7pl7 [A]","165","X-RAY DIFFRACTION","2.6"
"2022-09-03_00000068_1","2022-09-03","1","2","55","7r08 [E]","541","X-RAY DIFFRACTION","3.1"
"2022-09-03_00000097_1","2022-09-03","0","2","54","7t1j [B]","460","X-RAY DIFFRACTION","1.96"
"2022-09-03_00000119_1","2022-09-03","1","0","52","7uwg [C]","137","X-RAY DIFFRACTION","2.16"
"2022-09-03_00000122_1","2022-09-03","1","2","52","7uxt [A]","497","X-RAY DIFFRACTION","3.4"
"2022-09-03_00000134_1","2022-09-03","1","0","47","7vbo [A]","203","X-RAY DIFFRACTION","1.5"
"2022-09-03_00000145_1","2022-09-03","0","0","49","7vi8 [B]","254","X-RAY DIFFRACTION","1.83"
"2022-09-03_00000152_1","2022-09-03","1","0","51","7vt4 [A]","468","X-RAY DIFFRACTION","1.93"
"2022-09-03_00000153_1","2022-09-03","0","0","51","7vt5 [A]","340","X-RAY DIFFRACTION","1.46"
"2022-09-03_00000164_1","2022-09-03","1","0","49","7w6x [A]","458","X-RAY DIFFRACTION","3.2"
"2022-09-03_00000179_1","2022-09-03","0","2","47","7x7w [A]","288","X-RAY DIFFRACTION","2.097"
"2022-09-03_00000200_1","2022-09-03","0","0","50","7zgm [A]","709","X-RAY DIFFRACTION","1.43"
"2022-09-03_00000212_1","2022-09-03","0","2","51","7zw9 [A]","210","X-RAY DIFFRACTION","2.1"
"2022-09-03_00000232_1","2022-09-03","1","0","52","8d7f [A]","368","X-RAY DIFFRACTION","2.62"
"2022-09-03_00000243_1","2022-09-03","0","0","46","8dkr [B]","255","X-RAY DIFFRACTION","2.05"
"2022-08-27_00000002_1","2022-08-27","1","2","46","7fgp [A]","390","X-RAY DIFFRACTION","1.47"
"2022-08-27_00000043_2","2022-08-27","0","1","55","7q83 [D]","274","X-RAY DIFFRACTION","2.19"
"2022-08-27_00000081_1","2022-08-27","1","0","58","7te2 [A]","213","X-RAY DIFFRACTION","2.25"
"2022-08-27_00000082_1","2022-08-27","1","0","49","7tol [A]","526","X-RAY DIFFRACTION","2.03"
"2022-08-27_00000109_1","2022-08-27","0","0","55","7ug9 [A]","293","X-RAY DIFFRACTION","1.69"
"2022-08-27_00000151_1","2022-08-27","1","0","57","7wq5 [A]","252","X-RAY DIFFRACTION","2.35"
"2022-08-27_00000168_1","2022-08-27","0","2","47","7xjt [B]","336","X-RAY DIFFRACTION","2.598"
"2022-08-27_00000172_1","2022-08-27","1","0","53","7y4n [A]","60","SOLUTION NMR","0"
"2022-08-27_00000174_1","2022-08-27","1","2","50","7y78 [B]","350","X-RAY DIFFRACTION","2.9"
"2022-08-27_00000175_1","2022-08-27","0","2","57","7y79 [B]","208","X-RAY DIFFRACTION","2.32"
"2022-08-27_00000181_1","2022-08-27","1","0","51","7ymo [A]","210","X-RAY DIFFRACTION","1.8"
"2022-08-27_00000206_1","2022-08-27","1","1","55","7zk1 [A]","277","X-RAY DIFFRACTION","2.65"
"2022-08-27_00000222_1","2022-08-27","1","0","49","8ajp [A]","207","X-RAY DIFFRACTION","1.8"
"2022-08-27_00000234_1","2022-08-27","0","2","47","8cxl [A]","478","X-RAY DIFFRACTION","1.98"
"2022-08-20_00000003_1","2022-08-20","1","0","51","7eoz [A]","532","X-RAY DIFFRACTION","3.4"
"2022-08-20_00000069_1","2022-08-20","0","1","42","7pyv [B]","1045","X-RAY DIFFRACTION","3.27"
"2022-08-20_00000086_1","2022-08-20","0","2","46","7qpe [A]","476","X-RAY DIFFRACTION","2.18"
"2022-08-20_00000108_1","2022-08-20","1","1","51","7rup [A]","73","X-RAY DIFFRACTION","1.23"
"2022-08-20_00000109_1","2022-08-20","1","1","52","7ruq [A]","73","X-RAY DIFFRACTION","1.79"
"2022-08-20_00000136_1","2022-08-20","0","2","50","7s8k [B]","282","X-RAY DIFFRACTION","2.55"
"2022-08-20_00000144_1","2022-08-20","1","2","44","7spn [A]","456","X-RAY DIFFRACTION","2.92"
"2022-08-20_00000165_2","2022-08-20","0","1","46","7u04 [H]","230","X-RAY DIFFRACTION","2.31"
"2022-08-20_00000195_1","2022-08-20","1","0","45","7v5f [A]","31","SOLUTION NMR","0"
"2022-08-20_00000206_1","2022-08-20","0","2","51","7v8t [A]","268","X-RAY DIFFRACTION","2.48"
"2022-08-20_00000214_1","2022-08-20","1","2","50","7vpu [A]","332","X-RAY DIFFRACTION","2.59"
"2022-08-20_00000216_1","2022-08-20","2","0","46","7vti [A]","777","X-RAY DIFFRACTION","1.89"
"2022-08-20_00000218_1","2022-08-20","0","2","49","7vyu [A]","356","X-RAY DIFFRACTION","1.8"
"2022-08-13_00000010_1","2022-08-13","0","0","72","7n6h [A]","444","X-RAY DIFFRACTION","1.28"
"2022-08-13_00000013_1","2022-08-13","1","0","70","7pcv [A]","119","X-RAY DIFFRACTION","2.42"
"2022-08-13_00000081_2","2022-08-13","1","1","68","7rt7 [D]","144","X-RAY DIFFRACTION","2.49"
"2022-08-13_00000085_1","2022-08-13","1","2","76","7sfn [B]","188","X-RAY DIFFRACTION","2.1"
"2022-08-13_00000122_1","2022-08-13","0","0","70","7upv [A]","450","X-RAY DIFFRACTION","1.84"
"2022-08-13_00000149_1","2022-08-13","1","0","66","7v53 [A]","1099","X-RAY DIFFRACTION","2.1"
"2022-08-13_00000158_2","2022-08-13","2","1","65","7vf3 [B]","155","X-RAY DIFFRACTION","2.29"
"2022-08-13_00000166_1","2022-08-13","0","0","72","7w16 [A]","303","X-RAY DIFFRACTION","1.9"
"2022-08-13_00000168_1","2022-08-13","1","0","74","7w89 [A]","136","X-RAY DIFFRACTION","1.50006"
"2022-08-13_00000178_1","2022-08-13","0","2","76","7x8c [B]","70","X-RAY DIFFRACTION","2.73"
"2022-08-13_00000190_1","2022-08-13","1","2","74","7y9b [A]","220","X-RAY DIFFRACTION","3.214"
"2022-08-13_00000206_1","2022-08-13","0","2","74","7zc8 [A]","87","X-RAY DIFFRACTION","2.08"
"2022-08-13_00000217_1","2022-08-13","1","0","73","8ag9 [A]","512","X-RAY DIFFRACTION","1.56"
"2022-08-13_00000225_1","2022-08-13","1","2","78","8dgg [A]","425","X-RAY DIFFRACTION","3.78"
"2022-08-13_00000229_1","2022-08-13","0","0","76","8di0 [C]","516","X-RAY DIFFRACTION","2.85"
"2022-08-13_00000230_1","2022-08-13","1","0","78","8di1 [A]","226","X-RAY DIFFRACTION","2.2"
"2022-08-13_00000247_1","2022-08-13","0","0","76","8dys [A]","603","X-RAY DIFFRACTION","1.8"
"2022-08-06_00000005_1","2022-08-06","1","0","53","7fac [A]","529","X-RAY DIFFRACTION","2.71"
"2022-08-06_00000042_1","2022-08-06","1","0","50","7pc1 [A]","72","X-RAY DIFFRACTION","1.9"
"2022-08-06_00000044_1","2022-08-06","0","2","55","7pce [A]","358","X-RAY DIFFRACTION","2.9"
"2022-08-06_00000067_1","2022-08-06","0","0","52","7r0o [B]","360","X-RAY DIFFRACTION","2"
"2022-08-06_00000076_1","2022-08-06","0","2","53","7rpn [A]","252","X-RAY DIFFRACTION","1.37"
"2022-08-06_00000081_1","2022-08-06","0","1","49","7sbd [H]","209","X-RAY DIFFRACTION","3.04"
"2022-08-06_00000115_1","2022-08-06","0","2","51","7uqv [D]","275","X-RAY DIFFRACTION","2.4"
"2022-08-06_00000131_1","2022-08-06","1","2","55","7v2s [B]","287","X-RAY DIFFRACTION","2.133"
"2022-08-06_00000168_1","2022-08-06","0","0","53","7wua [A]","604","X-RAY DIFFRACTION","1.999"
"2022-08-06_00000179_1","2022-08-06","0","2","50","7x1k [A]","76","X-RAY DIFFRACTION","2.39"
"2022-08-06_00000196_1","2022-08-06","1","0","49","7y39 [B]","139","X-RAY DIFFRACTION","1.88"
"2022-08-06_00000220_1","2022-08-06","2","0","48","7zva [A]","389","X-RAY DIFFRACTION","1.8"
"2022-08-06_00000229_1","2022-08-06","2","1","52","8a4a [A]","238","X-RAY DIFFRACTION","2.52"
"2022-08-06_00000241_1","2022-08-06","1","0","54","8dt0 [A]","140","X-RAY DIFFRACTION","2.46"
"2022-08-06_00000242_1","2022-08-06","0","2","52","8dt6 [C]","384","X-RAY DIFFRACTION","2.35"
"2022-08-06_00000244_1","2022-08-06","1","0","53","8dte [A]","183","X-RAY DIFFRACTION","2.2"
"2022-07-30_00000001_1","2022-07-30","0","2","54","7dz2 [C]","286","X-RAY DIFFRACTION","1.55"
"2022-07-30_00000009_1","2022-07-30","0","2","52","7fgb [A]","489","X-RAY DIFFRACTION","2"
"2022-07-30_00000015_2","2022-07-30","1","1","54","7fh0 [B]","261","X-RAY DIFFRACTION","3.2"
"2022-07-30_00000020_1","2022-07-30","2","0","50","7lt7 [A]","35","SOLUTION NMR","0"
"2022-07-30_00000021_1","2022-07-30","2","0","52","7lx4 [A]","41","SOLUTION NMR","0"
"2022-07-30_00000029_1","2022-07-30","2","0","51","7mj3 [A]","44","SOLUTION NMR","0"
"2022-07-30_00000119_1","2022-07-30","0","1","54","7r49 [B]","121","X-RAY DIFFRACTION","1.88"
"2022-07-30_00000131_1","2022-07-30","0","2","53","7rlk [D]","117","X-RAY DIFFRACTION","2.69"
"2022-07-30_00000136_1","2022-07-30","1","0","58","7rmy [A]","272","X-RAY DIFFRACTION","3.17"
"2022-07-30_00000142_1","2022-07-30","0","2","56","7s03 [A]","113","X-RAY DIFFRACTION","2.37"
"2022-07-30_00000163_1","2022-07-30","0","0","53","7sao [A]","38","X-RAY DIFFRACTION","1.77"
"2022-07-30_00000167_1","2022-07-30","0","0","54","7snc [A]","38","X-RAY DIFFRACTION","2.5"
"2022-07-30_00000169_1","2022-07-30","1","0","55","7soo [A]","99","X-RAY DIFFRACTION","1.65"
"2022-07-30_00000195_1","2022-07-30","0","1","48","7u0e [H]","229","X-RAY DIFFRACTION","2.1"
"2022-07-30_00000290_1","2022-07-30","0","0","50","8ahp [A]","378","X-RAY DIFFRACTION","2.9"
"2022-07-23_00000014_1","2022-07-23","1","1","54","7fax [A]","111","X-RAY DIFFRACTION","1.8"
"2022-07-23_00000044_1","2022-07-23","1","0","52","7fia [A]","161","X-RAY DIFFRACTION","2.13"
"2022-07-23_00000049_1","2022-07-23","0","2","56","7n7g [A]","139","X-RAY DIFFRACTION","2"
"2022-07-23_00000067_1","2022-07-23","0","0","53","7p43 [B]","706","X-RAY DIFFRACTION","1.93"
"2022-07-23_00000070_1","2022-07-23","1","1","51","7p4a [A]","247","X-RAY DIFFRACTION","2.901"
"2022-07-23_00000074_1","2022-07-23","1","0","48","7p4n [A]","78","SOLUTION NMR","0"
"2022-07-23_00000078_1","2022-07-23","0","2","57","7p56 [A]","476","X-RAY DIFFRACTION","1.735"
"2022-07-23_00000115_1","2022-07-23","1","0","58","7rdn [A]","247","X-RAY DIFFRACTION","2.49"
"2022-07-23_00000177_1","2022-07-23","2","0","60","7tdr [A]","306","X-RAY DIFFRACTION","2.28"
"2022-07-23_00000213_1","2022-07-23","0","2","52","7vq6 [A]","192","X-RAY DIFFRACTION","1.39"
"2022-07-23_00000224_1","2022-07-23","0","2","50","7w61 [A]","249","X-RAY DIFFRACTION","1.6"
"2022-07-23_00000253_1","2022-07-23","0","2","49","8cxa [A]","273","X-RAY DIFFRACTION","1.65"
"2022-07-16_00000008_1","2022-07-16","2","0","79","7esg [A]","598","X-RAY DIFFRACTION","2.53"
"2022-07-16_00000012_1","2022-07-16","1","0","79","7fcc [A]","146","X-RAY DIFFRACTION","2.144"
"2022-07-16_00000031_1","2022-07-16","1","0","74","7fdp [B]","419","X-RAY DIFFRACTION","2.1"
"2022-07-16_00000074_1","2022-07-16","0","1","70","7q1t [A]","30","X-RAY DIFFRACTION","1.68"
"2022-07-16_00000085_1","2022-07-16","1","0","74","7r6r [A]","203","X-RAY DIFFRACTION","3.13"
"2022-07-16_00000087_1","2022-07-16","1","0","76","7rfq [A]","270","X-RAY DIFFRACTION","1.27"
"2022-07-16_00000089_1","2022-07-16","1","0","70","7rgw [A]","174","X-RAY DIFFRACTION","1.99"
"2022-07-16_00000119_1","2022-07-16","0","1","76","7sl5 [G]","235","X-RAY DIFFRACTION","2.5"
"2022-07-16_00000120_1","2022-07-16","1","2","75","7spy [A]","357","X-RAY DIFFRACTION","2.23"
"2022-07-16_00000126_1","2022-07-16","1","2","76","7t2s [A]","187","X-RAY DIFFRACTION","1.82"
"2022-07-16_00000151_1","2022-07-16","1","1","73","7um4 [A]","336","X-RAY DIFFRACTION","2.8"
"2022-07-16_00000181_1","2022-07-16","2","0","76","7vkk [A]","304","X-RAY DIFFRACTION","3.55"
"2022-07-16_00000202_1","2022-07-16","0","0","52","7xgb [C]","556","X-RAY DIFFRACTION","2.7"
"2022-07-16_00000216_2","2022-07-16","1","1","70","7xq5 [B]","73","X-RAY DIFFRACTION","2.25"
"2022-07-16_00000237_1","2022-07-16","1","1","74","7y6b [A]","73","X-RAY DIFFRACTION","1.8"
"2022-07-16_00000238_1","2022-07-16","1","1","48","7y6c [A]","74","X-RAY DIFFRACTION","1.4"
"2022-07-09_00000053_1","2022-07-09","1","0","78","7bb8 [A]","410","X-RAY DIFFRACTION","1.506"
"2022-07-09_00000063_1","2022-07-09","0","2","78","7blf [A]","455","X-RAY DIFFRACTION","2.15"
"2022-07-09_00000074_1","2022-07-09","2","0","81","7fav [A]","281","X-RAY DIFFRACTION","1.64"
"2022-07-09_00000102_1","2022-07-09","0","2","81","7oxl [A]","494","X-RAY DIFFRACTION","2.4"
"2022-07-09_00000112_1","2022-07-09","0","2","79","7oyl [A]","558","X-RAY DIFFRACTION","1.78"
"2022-07-09_00000129_1","2022-07-09","0","0","82","7p20 [A]","207","X-RAY DIFFRACTION","1.4"
"2022-07-09_00000130_1","2022-07-09","1","0","78","7p22 [A]","244","X-RAY DIFFRACTION","1.87"
"2022-07-09_00000131_1","2022-07-09","0","0","79","7p23 [A]","240","X-RAY DIFFRACTION","1.5"
"2022-07-09_00000136_1","2022-07-09","2","2","87","7p4l [B]","524","X-RAY DIFFRACTION","2.3"
"2022-07-09_00000142_1","2022-07-09","0","0","73","7pjj [A]","834","X-RAY DIFFRACTION","3.086"
"2022-07-09_00000185_1","2022-07-09","1","0","79","7ry6 [A]","453","SOLUTION NMR","0"
"2022-07-09_00000205_1","2022-07-09","0","2","81","7saf [B]","71","X-RAY DIFFRACTION","2.45"
"2022-07-09_00000266_1","2022-07-09","2","0","77","7u37 [A]","77","SOLUTION NMR","0"
"2022-07-09_00000330_2","2022-07-09","1","1","78","7xqv [B]","145","X-RAY DIFFRACTION","2.76"
"2022-07-02_00000113_1","2022-07-02","0","2","82","7f84 [A]","92","X-RAY DIFFRACTION","2.6"
"2022-07-02_00000184_1","2022-07-02","0","0","72","7opk [A]","883","X-RAY DIFFRACTION","3"
"2022-07-02_00000195_1","2022-07-02","1","0","79","7pvm [A]","31","SOLUTION NMR","0"
"2022-07-02_00000229_1","2022-07-02","0","2","80","7r9b [A]","223","X-RAY DIFFRACTION","2.2"
"2022-07-02_00000232_1","2022-07-02","1","2","80","7rbp [A]","336","X-RAY DIFFRACTION","2.1"
"2022-07-02_00000258_2","2022-07-02","1","1","81","7t7i [D]","257","X-RAY DIFFRACTION","3.97"
"2022-07-02_00000307_1","2022-07-02","0","2","80","7v67 [A]","446","X-RAY DIFFRACTION","2"
"2022-07-02_00000311_1","2022-07-02","0","2","81","7va8 [A]","470","X-RAY DIFFRACTION","2.85003"
"2022-07-02_00000333_1","2022-07-02","1","1","79","7x2e [A]","178","X-RAY DIFFRACTION","1.85"
"2022-07-02_00000368_2","2022-07-02","0","1","76","8cwu [B]","151","X-RAY DIFFRACTION","1.71"
"2022-06-25_00000009_1","2022-06-25","1","2","78","7dri [A]","493","X-RAY DIFFRACTION","2.72"
"2022-06-25_00000058_1","2022-06-25","1","0","82","7pln [A]","271","X-RAY DIFFRACTION","3.15"
"2022-06-25_00000059_1","2022-06-25","1","1","83","7pp2 [A]","606","X-RAY DIFFRACTION","2.69"
"2022-06-25_00000109_1","2022-06-25","1","0","78","7t9x [A]","73","X-RAY DIFFRACTION","1.52"
"2022-06-25_00000113_1","2022-06-25","0","2","79","7tdv [C]","449","X-RAY DIFFRACTION","2.92"
"2022-06-25_00000115_1","2022-06-25","0","2","81","7tec [A]","125","X-RAY DIFFRACTION","3.45"
"2022-06-18_00000008_1","2022-06-18","0","0","85","7b8b [A]","420","X-RAY DIFFRACTION","2.03"
"2022-06-18_00000029_1","2022-06-18","1","1","83","7f5k [A]","200","X-RAY DIFFRACTION","3.00003"
"2022-06-18_00000074_1","2022-06-18","1","2","80","7oq6 [A]","443","X-RAY DIFFRACTION","2"
"2022-06-18_00000105_1","2022-06-18","0","0","82","7ou3 [A]","266","X-RAY DIFFRACTION","1.49"
"2022-06-18_00000107_1","2022-06-18","1","2","87","7ouu [B]","205","X-RAY DIFFRACTION","1.47"
"2022-06-18_00000125_1","2022-06-18","0","2","77","7qqa [A]","274","X-RAY DIFFRACTION","1.79"
"2022-06-18_00000126_1","2022-06-18","1","2","90","7qvb [B]","235","X-RAY DIFFRACTION","2.5"
"2022-06-18_00000128_1","2022-06-18","1","0","83","7r0r [A]","571","SOLUTION NMR","0"
"2022-06-18_00000162_1","2022-06-18","0","1","78","7u5o [C]","115","X-RAY DIFFRACTION","3.45"
"2022-06-18_00000175_1","2022-06-18","0","0","79","7v40 [A]","440","X-RAY DIFFRACTION","1.43"
"2022-06-18_00000197_1","2022-06-18","0","1","79","7w7a [G]","231","X-RAY DIFFRACTION","3.204"
"2022-06-18_00000232_1","2022-06-18","1","0","77","7x77 [A]","378","X-RAY DIFFRACTION","2.2"
"2022-06-18_00000260_2","2022-06-18","0","1","72","7zmn [K]","127","X-RAY DIFFRACTION","3.2"
"2022-06-18_00000262_2","2022-06-18","0","1","79","7zmp [K]","127","X-RAY DIFFRACTION","3.626"
"2022-06-18_00000263_2","2022-06-18","0","1","78","7zmq [K]","127","X-RAY DIFFRACTION","2.7"
"2022-06-18_00000264_2","2022-06-18","0","1","79","7zmr [K]","127","X-RAY DIFFRACTION","3.3"
"2022-06-18_00000269_1","2022-06-18","2","0","79","7zro [A]","40","SOLUTION NMR","0"
"2022-06-11_00000018_1","2022-06-11","0","0","60","7f08 [N]","393","X-RAY DIFFRACTION","3.16"
"2022-06-11_00000025_2","2022-06-11","0","1","56","7f15 [B]","253","X-RAY DIFFRACTION","2.65"
"2022-06-11_00000035_2","2022-06-11","1","1","59","7f4l [D]","247","X-RAY DIFFRACTION","2.72"
"2022-06-11_00000042_2","2022-06-11","2","1","59","7f4s [D]","237","X-RAY DIFFRACTION","3.09"
"2022-06-11_00000056_1","2022-06-11","1","1","63","7mni [C]","494","X-RAY DIFFRACTION","2"
"2022-06-11_00000058_1","2022-06-11","1","2","62","7mnk [A]","30","X-RAY DIFFRACTION","1.1"
"2022-06-11_00000069_2","2022-06-11","1","1","61","7mnv [B]","41","X-RAY DIFFRACTION","1.8"
"2022-06-11_00000072_2","2022-06-11","0","1","61","7mny [D]","141","X-RAY DIFFRACTION","2.7"
"2022-06-11_00000075_2","2022-06-11","0","1","61","7mo1 [B]","44","X-RAY DIFFRACTION","1.6"
"2022-06-11_00000077_2","2022-06-11","0","1","61","7mo3 [B]","42","X-RAY DIFFRACTION","2.05"
"2022-06-11_00000096_1","2022-06-11","0","2","51","7n8u [A]","266","X-RAY DIFFRACTION","1.98"
"2022-06-11_00000099_2","2022-06-11","0","1","58","7pcs [B]","248","X-RAY DIFFRACTION","2.25"
"2022-06-11_00000185_1","2022-06-11","1","0","59","7vmt [B]","149","X-RAY DIFFRACTION","1.95001"
"2022-06-11_00000205_1","2022-06-11","1","0","61","7x0f [C]","523","X-RAY DIFFRACTION","2.2"
"2022-06-11_00000212_1","2022-06-11","0","2","61","7xif [D]","309","X-RAY DIFFRACTION","2.14"
"2022-06-11_00000216_1","2022-06-11","1","2","59","7xkg [A]","429","X-RAY DIFFRACTION","2.5"
"2022-06-11_00000227_1","2022-06-11","0","1","62","7xoi [A]","548","X-RAY DIFFRACTION","2.3"
"2022-06-04_00000014_1","2022-06-04","0","2","59","7ezb [A]","182","X-RAY DIFFRACTION","1.5"
"2022-06-04_00000017_1","2022-06-04","0","0","59","7ezn [A]","205","X-RAY DIFFRACTION","1.8"
"2022-06-04_00000027_1","2022-06-04","1","0","60","7n45 [A]","138","SOLUTION NMR","0"
"2022-06-04_00000043_1","2022-06-04","0","0","61","7opt [A]","328","X-RAY DIFFRACTION","2.02"
"2022-06-04_00000049_1","2022-06-04","1","0","60","7pb9 [A]","179","X-RAY DIFFRACTION","1.8"
"2022-06-04_00000052_1","2022-06-04","0","2","63","7pgf [D]","138","X-RAY DIFFRACTION","3.5"
"2022-06-04_00000053_1","2022-06-04","1","2","65","7pgi [D]","150","X-RAY DIFFRACTION","3.638"
"2022-06-04_00000074_1","2022-06-04","0","2","57","7re5 [B]","123","X-RAY DIFFRACTION","2.5"
"2022-06-04_00000125_1","2022-06-04","0","0","61","7uw7 [A]","80","X-RAY DIFFRACTION","1.17"
"2022-06-04_00000141_1","2022-06-04","0","0","52","7vqw [A]","116","X-RAY DIFFRACTION","2.45"
"2022-06-04_00000144_1","2022-06-04","0","1","54","7vrs [A]","466","X-RAY DIFFRACTION","2.6"
"2022-06-04_00000144_2","2022-06-04","0","1","50","7vrs [C]","107","X-RAY DIFFRACTION","2.6"
"2022-06-04_00000148_1","2022-06-04","0","0","54","7vty [A]","90","X-RAY DIFFRACTION","2.5"
"2022-06-04_00000149_1","2022-06-04","0","0","53","7vu4 [A]","121","X-RAY DIFFRACTION","1.7"
"2022-06-04_00000174_1","2022-06-04","0","0","54","7xh0 [A]","308","X-RAY DIFFRACTION","1.68"
"2022-06-04_00000181_1","2022-06-04","0","2","55","8cso [C]","236","X-RAY DIFFRACTION","2.6"
"2022-06-04_00000183_1","2022-06-04","0","2","62","8d1x [D]","476","X-RAY DIFFRACTION","2.8"
"2022-05-28_00000019_1","2022-05-28","1","0","46","7exx [A]","444","X-RAY DIFFRACTION","2.5"
"2022-05-28_00000028_2","2022-05-28","0","1","56","7fau [B]","127","X-RAY DIFFRACTION","2.08"
"2022-05-28_00000076_1","2022-05-28","0","0","61","7ohz [B]","361","X-RAY DIFFRACTION","2.27"
"2022-05-28_00000080_1","2022-05-28","2","0","61","7oio [A]","144","SOLUTION NMR","0"
"2022-05-28_00000126_2","2022-05-28","1","1","63","7qii [B]","95","X-RAY DIFFRACTION","3.29"
"2022-05-28_00000130_1","2022-05-28","0","2","50","7qwt [A]","373","X-RAY DIFFRACTION","3.712"
"2022-05-28_00000132_1","2022-05-28","0","0","58","7r20 [B]","120","X-RAY DIFFRACTION","1.42"
"2022-05-28_00000134_1","2022-05-28","1","1","59","7r24 [A]","397","X-RAY DIFFRACTION","2.7"
"2022-05-28_00000159_1","2022-05-28","0","2","60","7te3 [A]","177","X-RAY DIFFRACTION","2.2"
"2022-05-28_00000170_3","2022-05-28","1","0","60","7txc [E]","118","X-RAY DIFFRACTION","3.04"
"2022-05-28_00000176_1","2022-05-28","1","2","62","7tzv [A]","198","X-RAY DIFFRACTION","1.65"
"2022-05-28_00000207_1","2022-05-28","0","0","50","7w3r [A]","384","X-RAY DIFFRACTION","1.92"
"2022-05-28_00000215_1","2022-05-28","1","0","52","7w6b [A]","793","X-RAY DIFFRACTION","2.984"
"2022-05-28_00000220_1","2022-05-28","0","0","49","7waw [A]","511","X-RAY DIFFRACTION","2.8"
"2022-05-28_00000297_1","2022-05-28","0","0","62","7znx [A]","139","X-RAY DIFFRACTION","1.6"
"2022-05-28_00000303_1","2022-05-28","0","0","52","8ctr [A]","304","X-RAY DIFFRACTION","1.65"
"2022-05-21_00000003_1","2022-05-21","1","0","61","7eus [B]","333","X-RAY DIFFRACTION","2.3"
"2022-05-21_00000010_2","2022-05-21","0","1","59","7f5g [B]","146","X-RAY DIFFRACTION","1.75"
"2022-05-21_00000045_1","2022-05-21","1","2","56","7pcr [A]","553","X-RAY DIFFRACTION","2.75"
"2022-05-21_00000081_1","2022-05-21","1","1","62","7qre [D]","127","X-RAY DIFFRACTION","2.7"
"2022-05-21_00000091_1","2022-05-21","0","0","60","7r1k [A]","190","X-RAY DIFFRACTION","1.5"
"2022-05-21_00000115_1","2022-05-21","1","2","60","7s69 [A]","293","X-RAY DIFFRACTION","3.04"
"2022-05-21_00000138_1","2022-05-21","1","0","59","7tvc [B]","127","X-RAY DIFFRACTION","1.19"
"2022-05-21_00000139_1","2022-05-21","1","0","60","7tvy [B]","143","X-RAY DIFFRACTION","1.98"
"2022-05-21_00000155_1","2022-05-21","0","0","41","7vgb [A]","711","X-RAY DIFFRACTION","2.227"
"2022-05-21_00000159_1","2022-05-21","1","2","62","7vrb [A]","143","X-RAY DIFFRACTION","2.389"
"2022-05-21_00000160_1","2022-05-21","1","1","60","7vrc [C]","169","X-RAY DIFFRACTION","2.147"
"2022-05-21_00000199_1","2022-05-21","0","0","52","8cu5 [A]","194","X-RAY DIFFRACTION","1.85"
"2022-05-21_00000201_1","2022-05-21","1","0","47","8cuk [B]","379","X-RAY DIFFRACTION","2.22"
"2022-05-14_00000016_1","2022-05-14","0","2","46","7esh [A]","656","X-RAY DIFFRACTION","2.29"
"2022-05-14_00000050_1","2022-05-14","2","0","55","7mq4 [A]","95","SOLUTION NMR","0"
"2022-05-14_00000056_1","2022-05-14","0","2","54","7ms2 [A]","755","X-RAY DIFFRACTION","2.04"
"2022-05-14_00000099_1","2022-05-14","0","2","48","7r3p [A]","174","X-RAY DIFFRACTION","1.4"
"2022-05-14_00000107_1","2022-05-14","1","2","50","7r5y [E]","416","X-RAY DIFFRACTION","1.97"
"2022-05-14_00000113_1","2022-05-14","1","2","58","7rkc [A]","233","X-RAY DIFFRACTION","2.35"
"2022-05-14_00000131_1","2022-05-14","1","0","47","7sjl [A]","118","SOLUTION NMR","0"
"2022-05-14_00000135_1","2022-05-14","2","0","54","7sxb [A]","90","SOLUTION NMR","0"
"2022-05-14_00000193_1","2022-05-14","1","1","57","7w5m [A]","268","X-RAY DIFFRACTION","2.15"
"2022-05-14_00000196_1","2022-05-14","0","0","46","7wcj [A]","443","X-RAY DIFFRACTION","2.24"
"2022-05-14_00000212_1","2022-05-14","1","0","56","7x4o [B]","139","X-RAY DIFFRACTION","2.02"
"2022-05-14_00000213_1","2022-05-14","0","0","54","7x8j [A]","376","X-RAY DIFFRACTION","2.798"
"2022-05-14_00000228_2","2022-05-14","0","1","56","7zcl [B]","227","X-RAY DIFFRACTION","1.95"
"2022-05-14_00000230_1","2022-05-14","0","0","50","7zgf [A]","417","X-RAY DIFFRACTION","2.05"
"2022-05-07_00000007_1","2022-05-07","0","0","65","7eqh [A]","236","X-RAY DIFFRACTION","2.2"
"2022-05-07_00000008_1","2022-05-07","0","2","66","7er0 [A]","327","X-RAY DIFFRACTION","2.183"
"2022-05-07_00000011_1","2022-05-07","0","2","60","7ern [C]","284","X-RAY DIFFRACTION","2.05"
"2022-05-07_00000016_1","2022-05-07","1","0","64","7f0a [A]","294","X-RAY DIFFRACTION","1.95"
"2022-05-07_00000025_1","2022-05-07","1","0","65","7f9h [A]","90","X-RAY DIFFRACTION","1.78"
"2022-05-07_00000039_1","2022-05-07","0","2","68","7mku [A]","329","X-RAY DIFFRACTION","2.648"
"2022-05-07_00000054_2","2022-05-07","1","1","67","7opb [D]","55","X-RAY DIFFRACTION","2.144"
"2022-05-07_00000069_2","2022-05-07","0","1","68","7poi [C]","295","X-RAY DIFFRACTION","2.9"
"2022-05-07_00000074_1","2022-05-07","1","2","67","7prq [B]","350","X-RAY DIFFRACTION","2"
"2022-05-07_00000076_1","2022-05-07","1","2","65","7psg [C]","301","X-RAY DIFFRACTION","1.91"
"2022-05-07_00000112_1","2022-05-07","0","1","63","7so5 [H]","215","X-RAY DIFFRACTION","1.797"
"2022-05-07_00000140_1","2022-05-07","1","2","66","7tze [C]","232","X-RAY DIFFRACTION","2.12"
"2022-05-07_00000141_2","2022-05-07","1","1","72","7tzg [D]","408","X-RAY DIFFRACTION","3.71"
"2022-05-07_00000169_1","2022-05-07","0","1","66","7x9e [A]","221","X-RAY DIFFRACTION","2.6"
"2022-05-07_00000180_1","2022-05-07","0","2","62","7z5p [A]","515","X-RAY DIFFRACTION","2.991"
"2022-04-30_00000004_1","2022-04-30","0","2","58","7eqs [A]","326","X-RAY DIFFRACTION","2.1"
"2022-04-30_00000025_2","2022-04-30","1","1","60","7mla [B]","34","SOLUTION NMR","0"
"2022-04-30_00000040_1","2022-04-30","1","2","56","7n29 [B]","398","X-RAY DIFFRACTION","2.8"
"2022-04-30_00000047_1","2022-04-30","1","0","60","7nqd [B]","222","X-RAY DIFFRACTION","2.97"
"2022-04-30_00000059_1","2022-04-30","2","0","68","7oa7 [A]","373","X-RAY DIFFRACTION","1.45"
"2022-04-30_00000098_1","2022-04-30","1","0","69","7q4l [A]","227","SOLUTION NMR","0"
"2022-04-30_00000102_1","2022-04-30","1","0","60","7qao [A]","35","SOLUTION NMR","0"
"2022-04-30_00000103_1","2022-04-30","1","0","59","7qap [A]","35","SOLUTION NMR","0"
"2022-04-30_00000118_1","2022-04-30","0","0","62","7qry [B]","188","X-RAY DIFFRACTION","2.07"
"2022-04-30_00000122_1","2022-04-30","0","0","62","7qs2 [A]","179","X-RAY DIFFRACTION","1.7"
"2022-04-30_00000125_1","2022-04-30","0","0","52","7qs5 [A]","180","X-RAY DIFFRACTION","1.65"
"2022-04-30_00000139_1","2022-04-30","1","2","63","7r5z [B]","161","X-RAY DIFFRACTION","1.75"
"2022-04-30_00000140_1","2022-04-30","0","0","61","7r63 [C]","137","X-RAY DIFFRACTION","2"
"2022-04-30_00000165_1","2022-04-30","0","0","57","7t4z [A]","231","X-RAY DIFFRACTION","1.78"
"2022-04-30_00000202_1","2022-04-30","1","0","56","7tni [C]","155","X-RAY DIFFRACTION","1.9"
"2022-04-30_00000266_1","2022-04-30","1","0","57","7vnx [A]","223","X-RAY DIFFRACTION","1.801"
"2022-04-30_00000303_1","2022-04-30","0","2","56","7ywg [B]","170","X-RAY DIFFRACTION","1.1"
"2022-04-23_00000006_1","2022-04-23","1","0","61","7ctx [B]","323","X-RAY DIFFRACTION","2.907"
"2022-04-23_00000019_1","2022-04-23","1","2","66","7eqe [A]","200","X-RAY DIFFRACTION","2.399"
"2022-04-23_00000021_1","2022-04-23","1","2","65","7ets [B]","226","X-RAY DIFFRACTION","2.22"
"2022-04-23_00000023_1","2022-04-23","0","0","62","7f2y [A]","364","X-RAY DIFFRACTION","1.55"
"2022-04-23_00000027_1","2022-04-23","1","0","59","7fev [A]","448","X-RAY DIFFRACTION","1.594"
"2022-04-23_00000029_1","2022-04-23","0","1","64","7fjs [L]","327","X-RAY DIFFRACTION","2.9"
"2022-04-23_00000054_1","2022-04-23","1","2","66","7ob6 [A]","233","X-RAY DIFFRACTION","2.598"
"2022-04-23_00000059_2","2022-04-23","1","1","65","7od9 [C]","115","X-RAY DIFFRACTION","2.3"
"2022-04-23_00000063_1","2022-04-23","1","2","59","7ovp [A]","340","X-RAY DIFFRACTION","2.9"
"2022-04-23_00000066_2","2022-04-23","1","1","70","7pb4 [I]","227","X-RAY DIFFRACTION","2.49"
"2022-04-23_00000070_1","2022-04-23","0","0","61","7pxy [A]","447","X-RAY DIFFRACTION","1.4"
"2022-04-23_00000083_1","2022-04-23","1","0","63","7qil [A]","140","SOLUTION NMR","0"
"2022-04-23_00000103_1","2022-04-23","1","0","66","7rpr [A]","155","X-RAY DIFFRACTION","1.9"
"2022-04-23_00000104_1","2022-04-23","1","0","69","7rps [A]","169","X-RAY DIFFRACTION","2.09"
"2022-04-23_00000105_1","2022-04-23","1","0","60","7rqf [A]","540","X-RAY DIFFRACTION","3.5"
"2022-04-23_00000108_1","2022-04-23","1","0","55","7sci [A]","487","X-RAY DIFFRACTION","1.9"
"2022-04-23_00000137_1","2022-04-23","1","0","62","7vgm [A]","592","X-RAY DIFFRACTION","2.27"
"2022-04-23_00000190_1","2022-04-23","0","2","62","7yxg [A]","322","X-RAY DIFFRACTION","1.641"
"2022-04-16_00000050_1","2022-04-16","1","2","74","7f0o [B]","171","X-RAY DIFFRACTION","2.2"
"2022-04-16_00000079_1","2022-04-16","0","0","71","7mhw [A]","481","X-RAY DIFFRACTION","2.55"
"2022-04-16_00000082_2","2022-04-16","1","1","74","7n3t [C]","81","X-RAY DIFFRACTION","1.84"
"2022-04-16_00000104_1","2022-04-16","1","2","69","7ocn [A]","727","X-RAY DIFFRACTION","2.6"
"2022-04-16_00000112_1","2022-04-16","2","0","74","7osw [A]","50","SOLUTION NMR","0"
"2022-04-16_00000118_1","2022-04-16","0","1","58","7pc3 [A]","417","X-RAY DIFFRACTION","1.95"
"2022-04-16_00000119_1","2022-04-16","0","1","70","7pc4 [A]","414","X-RAY DIFFRACTION","2.3"
"2022-04-16_00000121_1","2022-04-16","0","1","68","7pc7 [B]","414","X-RAY DIFFRACTION","2.1"
"2022-04-16_00000123_1","2022-04-16","0","1","61","7pc9 [A]","415","X-RAY DIFFRACTION","2.4"
"2022-04-16_00000127_2","2022-04-16","0","1","72","7pno [D]","39","X-RAY DIFFRACTION","2.79"
"2022-04-16_00000167_1","2022-04-16","2","0","70","7ri3 [C]","587","X-RAY DIFFRACTION","2.69"
"2022-04-16_00000197_1","2022-04-16","1","0","71","7t7y [A]","154","X-RAY DIFFRACTION","1.81"
"2022-04-16_00000246_1","2022-04-16","1","2","74","7u2r [A]","245","X-RAY DIFFRACTION","1.85"
"2022-04-16_00000256_1","2022-04-16","0","2","80","7v1k [A]","252","X-RAY DIFFRACTION","3.287"
"2022-04-16_00000283_1","2022-04-16","1","0","73","7x4e [A]","134","X-RAY DIFFRACTION","2.32"
"2022-04-09_00000025_1","2022-04-09","0","2","50","7elf [C]","302","X-RAY DIFFRACTION","2.2"
"2022-04-09_00000027_1","2022-04-09","1","2","65","7eqb [A]","80","X-RAY DIFFRACTION","2.103"
"2022-04-09_00000042_1","2022-04-09","1","2","70","7msk [A]","430","X-RAY DIFFRACTION","2.06"
"2022-04-09_00000063_1","2022-04-09","0","0","60","7o0b [A]","106","X-RAY DIFFRACTION","2.13"
"2022-04-09_00000120_1","2022-04-09","1","2","60","7q4i [B]","316","X-RAY DIFFRACTION","2.4"
"2022-04-09_00000143_1","2022-04-09","1","0","61","7raw [A]","251","X-RAY DIFFRACTION","2.1"
"2022-04-09_00000149_1","2022-04-09","1","0","55","7rpy [A]","256","X-RAY DIFFRACTION","1.67"
"2022-04-09_00000182_1","2022-04-09","0","0","52","7ugh [A]","477","X-RAY DIFFRACTION","1.95"
"2022-04-09_00000199_1","2022-04-09","0","2","57","7ulh [A]","328","X-RAY DIFFRACTION","2.6"
"2022-04-09_00000207_1","2022-04-09","0","0","58","7vna [A]","120","X-RAY DIFFRACTION","2.597"
"2022-04-09_00000210_1","2022-04-09","1","0","48","7w5s [A]","320","X-RAY DIFFRACTION","1.76"
"2022-04-09_00000212_1","2022-04-09","0","2","65","7w5u [A]","514","X-RAY DIFFRACTION","2.34"
"2022-04-09_00000220_1","2022-04-09","1","0","56","7wme [A]","183","X-RAY DIFFRACTION","1.7"
"2022-04-09_00000240_1","2022-04-09","0","2","50","7x0d [A]","398","X-RAY DIFFRACTION","2.39725"
"2022-04-09_00000253_1","2022-04-09","0","2","57","7z79 [B]","317","X-RAY DIFFRACTION","2.3"
"2022-04-02_00000009_2","2022-04-02","0","1","73","7egt [B]","59","X-RAY DIFFRACTION","2.581"
"2022-04-02_00000027_1","2022-04-02","1","0","66","7ejg [C]","237","X-RAY DIFFRACTION","1.68"
"2022-04-02_00000044_2","2022-04-02","1","1","67","7fiw [B]","482","X-RAY DIFFRACTION","2.16"
"2022-04-02_00000045_1","2022-04-02","1","0","74","7m5w [A]","186","X-RAY DIFFRACTION","2.95"
"2022-04-02_00000068_1","2022-04-02","0","0","75","7o4o [A]","226","X-RAY DIFFRACTION","1.52"
"2022-04-02_00000082_1","2022-04-02","1","2","84","7p0h [A]","427","X-RAY DIFFRACTION","2.499"
"2022-04-02_00000085_2","2022-04-02","0","1","73","7p3i [B]","159","X-RAY DIFFRACTION","2.29"
"2022-04-02_00000102_1","2022-04-02","0","0","63","7pw1 [A]","296","X-RAY DIFFRACTION","1.5"
"2022-04-02_00000120_1","2022-04-02","0","2","69","7qbp [A]","330","X-RAY DIFFRACTION","1.38"
"2022-04-02_00000127_1","2022-04-02","0","2","70","7r09 [A]","351","X-RAY DIFFRACTION","2.08"
"2022-04-02_00000229_1","2022-04-02","1","2","75","7vu7 [A]","108","SOLUTION NMR","0"
"2022-04-02_00000250_1","2022-04-02","0","2","73","7wnw [B]","336","X-RAY DIFFRACTION","2.13"
"2022-04-02_00000254_1","2022-04-02","0","2","71","7wwr [A]","30","X-RAY DIFFRACTION","1.3"
"2022-04-02_00000258_1","2022-04-02","1","0","68","7x8v [A]","195","X-RAY DIFFRACTION","1.84"
"2022-03-26_00000002_1","2022-03-26","0","2","59","7efs [D]","365","X-RAY DIFFRACTION","2.5"
"2022-03-26_00000006_1","2022-03-26","1","0","64","7ehg [E]","138","X-RAY DIFFRACTION","1.95"
"2022-03-26_00000037_1","2022-03-26","0","0","70","7myv [B]","247","X-RAY DIFFRACTION","3.51"
"2022-03-26_00000052_2","2022-03-26","1","1","67","7q05 [E]","428","X-RAY DIFFRACTION","2.08"
"2022-03-26_00000059_1","2022-03-26","1","1","69","7qdw [A]","72","SOLUTION NMR","0"
"2022-03-26_00000068_1","2022-03-26","1","0","68","7qss [A]","432","X-RAY DIFFRACTION","1.56"
"2022-03-26_00000070_1","2022-03-26","1","0","61","7qsu [A]","374","X-RAY DIFFRACTION","1.9"
"2022-03-26_00000074_2","2022-03-26","0","1","63","7r74 [B]","118","X-RAY DIFFRACTION","2.76"
"2022-03-26_00000102_2","2022-03-26","1","1","63","7s2r [B]","159","X-RAY DIFFRACTION","2.49"
"2022-03-26_00000178_3","2022-03-26","1","1","64","7tv9 [C]","65","X-RAY DIFFRACTION","3.4"
"2022-03-26_00000204_1","2022-03-26","0","1","63","7v8e [B]","240","X-RAY DIFFRACTION","1.9"
"2022-03-26_00000218_2","2022-03-26","1","1","63","7vmc [B]","306","X-RAY DIFFRACTION","3.413"
"2022-03-26_00000219_1","2022-03-26","0","2","65","7vno [A]","454","X-RAY DIFFRACTION","1.8"
"2022-03-26_00000226_1","2022-03-26","1","0","65","7w26 [A]","449","X-RAY DIFFRACTION","2.43"
"2022-03-26_00000231_1","2022-03-26","1","2","66","7wj9 [A]","759","X-RAY DIFFRACTION","1.75"
"2022-03-26_00000246_1","2022-03-26","0","2","61","7wwx [A]","272","X-RAY DIFFRACTION","1.36"
"2022-03-19_00000003_1","2022-03-19","0","1","66","7a67 [A]","88","X-RAY DIFFRACTION","3.18"
"2022-03-19_00000003_2","2022-03-19","1","1","64","7a67 [B]","91","X-RAY DIFFRACTION","3.18"
"2022-03-19_00000032_1","2022-03-19","1","2","62","7erp [B]","208","X-RAY DIFFRACTION","2.03"
"2022-03-19_00000034_1","2022-03-19","1","2","64","7eso [A]","354","X-RAY DIFFRACTION","2.45"
"2022-03-19_00000038_1","2022-03-19","1","1","63","7etr [A]","102","X-RAY DIFFRACTION","3.804"
"2022-03-19_00000038_2","2022-03-19","1","1","61","7etr [C]","97","X-RAY DIFFRACTION","3.804"
"2022-03-19_00000102_1","2022-03-19","0","0","62","7pc6 [A]","204","X-RAY DIFFRACTION","1.92"
"2022-03-19_00000125_1","2022-03-19","1","0","52","7qbz [A]","682","X-RAY DIFFRACTION","3.25"
"2022-03-19_00000136_1","2022-03-19","1","0","45","7rcw [A]","927","X-RAY DIFFRACTION","3"
"2022-03-19_00000139_1","2022-03-19","1","2","53","7rcz [A]","548","X-RAY DIFFRACTION","2.2"
"2022-03-19_00000155_1","2022-03-19","1","0","57","7sgn [C]","113","X-RAY DIFFRACTION","2.8"
"2022-03-19_00000170_2","2022-03-19","1","1","50","7tcr [C]","195","X-RAY DIFFRACTION","2.62"
"2022-03-19_00000213_1","2022-03-19","1","2","53","7vwt [A]","333","X-RAY DIFFRACTION","1.73"
"2022-03-19_00000215_1","2022-03-19","0","2","53","7w1f [B]","504","X-RAY DIFFRACTION","2.9"
"2022-03-12_00000074_1","2022-03-12","1","0","58","7b0k [A]","292","X-RAY DIFFRACTION","3.8"
"2022-03-12_00000081_1","2022-03-12","1","0","58","7ebq [A]","530","X-RAY DIFFRACTION","2.4"
"2022-03-12_00000095_1","2022-03-12","0","2","43","7ed1 [A]","229","X-RAY DIFFRACTION","1.65"
"2022-03-12_00000097_1","2022-03-12","1","0","57","7ed6 [A]","219","X-RAY DIFFRACTION","1.9285"
"2022-03-12_00000109_1","2022-03-12","0","0","56","7f3a [A]","491","X-RAY DIFFRACTION","1.7"
"2022-03-12_00000197_1","2022-03-12","1","0","44","7puj [A]","435","X-RAY DIFFRACTION","1.752"
"2022-03-12_00000214_3","2022-03-12","1","1","44","7qbg [E]","135","X-RAY DIFFRACTION","2.69"
"2022-03-12_00000297_1","2022-03-12","1","0","54","7tbu [A]","458","X-RAY DIFFRACTION","1.85"
"2022-03-05_00000003_2","2022-03-05","1","1","58","7acy [B]","373","X-RAY DIFFRACTION","2.55"
"2022-03-05_00000006_1","2022-03-05","1","0","51","7bi4 [A]","910","X-RAY DIFFRACTION","2.42"
"2022-03-05_00000020_1","2022-03-05","0","2","59","7ead [A]","135","X-RAY DIFFRACTION","1.74"
"2022-03-05_00000039_1","2022-03-05","1","0","57","7ko9 [A]","564","X-RAY DIFFRACTION","2.43"
"2022-03-05_00000040_1","2022-03-05","0","0","51","7kob [A]","367","X-RAY DIFFRACTION","2.08"
"2022-03-05_00000050_1","2022-03-05","2","0","58","7lxk [A]","59","SOLUTION NMR","0"
"2022-03-05_00000053_1","2022-03-05","1","2","61","7lxs [A]","55","X-RAY DIFFRACTION","2.21"
"2022-03-05_00000068_2","2022-03-05","1","1","58","7n0e [A]","60","X-RAY DIFFRACTION","2.3"
"2022-03-05_00000070_1","2022-03-05","1","2","55","7nuv [A]","149","X-RAY DIFFRACTION","1.76"
"2022-03-05_00000085_1","2022-03-05","2","0","53","7qdv [A]","100","X-RAY DIFFRACTION","1.9"
"2022-03-05_00000163_1","2022-03-05","1","2","61","7txp [A]","217","X-RAY DIFFRACTION","1.45"
"2022-03-05_00000173_1","2022-03-05","1","0","55","7u4h [A]","921","X-RAY DIFFRACTION","3.1"
"2022-03-05_00000175_1","2022-03-05","0","2","56","7u5f [D]","210","X-RAY DIFFRACTION","2"
"2022-03-05_00000177_1","2022-03-05","0","2","58","7u5y [A]","232","X-RAY DIFFRACTION","2.55"
"2022-03-05_00000178_1","2022-03-05","0","2","51","7v4s [A]","146","X-RAY DIFFRACTION","1.2"
"2022-03-05_00000236_1","2022-03-05","2","0","55","7wrk [A]","176","X-RAY DIFFRACTION","1.78"
"2022-02-26_00000038_1","2022-02-26","1","0","54","7bll [A]","639","X-RAY DIFFRACTION","1.76"
"2022-02-26_00000094_1","2022-02-26","1","2","54","7e8j [A]","203","X-RAY DIFFRACTION","2.1"
"2022-02-26_00000095_1","2022-02-26","1","2","54","7e8k [B]","208","X-RAY DIFFRACTION","2.25"
"2022-02-26_00000109_2","2022-02-26","1","1","57","7f6l [B]","379","X-RAY DIFFRACTION","3.2"
"2022-02-26_00000162_1","2022-02-26","1","0","53","7nde [A]","242","X-RAY DIFFRACTION","1.45"
"2022-02-26_00000196_2","2022-02-26","1","1","56","7nmi [B]","512","X-RAY DIFFRACTION","2.1"
"2022-02-26_00000219_3","2022-02-26","1","1","52","7om4 [B]","130","X-RAY DIFFRACTION","6.05"
"2022-02-26_00000249_1","2022-02-26","1","0","52","7pzj [A]","366","X-RAY DIFFRACTION","2.1"
"2022-02-26_00000251_1","2022-02-26","1","0","53","7q51 [A]","224","X-RAY DIFFRACTION","2.22"
"2022-02-26_00000279_1","2022-02-26","1","2","59","7rgv [A]","231","X-RAY DIFFRACTION","2.63"
"2022-02-26_00000322_1","2022-02-26","0","0","53","7t03 [A]","104","SOLUTION NMR","0"
"2022-02-26_00000332_1","2022-02-26","1","0","53","7ta5 [A]","629","X-RAY DIFFRACTION","3"
"2022-02-26_00000386_1","2022-02-26","0","0","51","7voh [A]","528","X-RAY DIFFRACTION","2.197"
"2022-02-26_00000393_1","2022-02-26","1","0","54","7vsp [C]","121","X-RAY DIFFRACTION","2.1"
"2022-02-26_00000395_1","2022-02-26","1","2","48","7vu5 [A]","41","SOLUTION NMR","0"
"2022-02-19_00000015_1","2022-02-19","1","2","56","7aal [A]","292","X-RAY DIFFRACTION","1.97"
"2022-02-19_00000029_1","2022-02-19","0","0","54","7dki [A]","110","X-RAY DIFFRACTION","2"
"2022-02-19_00000033_1","2022-02-19","0","2","55","7e4s [A]","289","X-RAY DIFFRACTION","2.79"
"2022-02-19_00000035_1","2022-02-19","0","2","57","7e52 [A]","323","X-RAY DIFFRACTION","1.9"
"2022-02-19_00000036_1","2022-02-19","0","0","54","7e5j [A]","446","X-RAY DIFFRACTION","1.71"
"2022-02-19_00000052_2","2022-02-19","1","1","57","7f6j [C]","133","X-RAY DIFFRACTION","2.1"
"2022-02-19_00000062_1","2022-02-19","0","0","47","7li0 [A]","312","X-RAY DIFFRACTION","1.85"
"2022-02-19_00000117_1","2022-02-19","1","0","44","7mhu [A]","414","X-RAY DIFFRACTION","2"
"2022-02-19_00000169_1","2022-02-19","2","2","57","7rej [A]","341","X-RAY DIFFRACTION","2.6"
"2022-02-19_00000176_1","2022-02-19","1","0","61","7rw4 [A]","342","X-RAY DIFFRACTION","1.31"
"2022-02-19_00000177_1","2022-02-19","1","0","56","7rxe [A]","327","X-RAY DIFFRACTION","2.35"
"2022-02-19_00000250_1","2022-02-19","1","0","54","7w74 [A]","238","X-RAY DIFFRACTION","2.84"
"2022-02-19_00000252_1","2022-02-19","1","2","55","7wkq [A]","248","X-RAY DIFFRACTION","2.89"
"2022-02-19_00000253_1","2022-02-19","1","0","54","7wrp [A]","85","X-RAY DIFFRACTION","1.794"
"2022-02-12_00000008_1","2022-02-12","0","0","53","7e1c [A]","355","X-RAY DIFFRACTION","1.9"
"2022-02-12_00000014_1","2022-02-12","0","2","54","7e3q [A]","165","X-RAY DIFFRACTION","2.7"
"2022-02-12_00000017_1","2022-02-12","1","2","53","7e3t [A]","189","X-RAY DIFFRACTION","2.1"
"2022-02-12_00000023_1","2022-02-12","0","2","57","7e4j [A]","44","X-RAY DIFFRACTION","1.63"
"2022-02-12_00000026_1","2022-02-12","0","2","54","7e4u [A]","198","X-RAY DIFFRACTION","2.6"
"2022-02-12_00000037_1","2022-02-12","1","0","53","7ekz [A]","189","X-RAY DIFFRACTION","1.43"
"2022-02-12_00000038_1","2022-02-12","0","2","55","7el8 [A]","344","X-RAY DIFFRACTION","2.1"
"2022-02-12_00000043_1","2022-02-12","1","2","54","7erv [A]","374","X-RAY DIFFRACTION","2.5"
"2022-02-12_00000070_1","2022-02-12","0","0","48","7k2z [A]","270","X-RAY DIFFRACTION","1.61"
"2022-02-12_00000096_1","2022-02-12","1","2","62","7mo6 [B]","540","X-RAY DIFFRACTION","2.3"
"2022-02-12_00000114_1","2022-02-12","0","2","52","7opy [F]","218","X-RAY DIFFRACTION","2.05"
"2022-02-12_00000181_3","2022-02-12","1","1","48","7t1y [C]","30","X-RAY DIFFRACTION","2.55"
"2022-02-12_00000205_1","2022-02-12","1","2","58","7toc [A]","363","X-RAY DIFFRACTION","2.43"
"2022-02-12_00000207_1","2022-02-12","0","2","52","7tt9 [A]","116","X-RAY DIFFRACTION","2"
"2022-02-12_00000216_1","2022-02-12","1","0","56","7v9f [A]","114","X-RAY DIFFRACTION","2.5"
"2022-02-12_00000218_1","2022-02-12","1","0","55","7v9h [A]","107","X-RAY DIFFRACTION","2.692"
"2022-02-05_00000046_1","2022-02-05","0","2","50","7d66 [C]","128","X-RAY DIFFRACTION","2.126"
"2022-02-05_00000047_1","2022-02-05","0","0","49","7e0v [C]","255","X-RAY DIFFRACTION","1.65"
"2022-02-05_00000049_1","2022-02-05","1","2","55","7e1b [A]","220","X-RAY DIFFRACTION","4.587"
"2022-02-05_00000071_1","2022-02-05","0","2","51","7eyl [A]","95","X-RAY DIFFRACTION","1.2"
"2022-02-05_00000072_1","2022-02-05","0","2","50","7eym [A]","96","X-RAY DIFFRACTION","1.38"
"2022-02-05_00000094_1","2022-02-05","1","2","48","7lh6 [A]","333","X-RAY DIFFRACTION","2.85"
"2022-02-05_00000111_3","2022-02-05","0","1","45","7lk4 [D]","129","X-RAY DIFFRACTION","3.1"
"2022-02-05_00000123_2","2022-02-05","2","1","50","7n40 [B]","180","X-RAY DIFFRACTION","2.55"
"2022-02-05_00000123_3","2022-02-05","1","1","46","7n40 [C]","39","X-RAY DIFFRACTION","2.55"
"2022-02-05_00000167_2","2022-02-05","1","1","45","7phw [E]","321","X-RAY DIFFRACTION","2.793"
"2022-02-05_00000189_1","2022-02-05","1","1","46","7qu2 [A]","242","X-RAY DIFFRACTION","2.5"
"2022-02-05_00000192_1","2022-02-05","1","0","50","7r6p [A]","51","SOLUTION NMR","0"
"2022-02-05_00000224_1","2022-02-05","0","1","51","7tlf [I]","76","X-RAY DIFFRACTION","2.8"
"2022-02-05_00000224_3","2022-02-05","0","1","49","7tlf [G]","67","X-RAY DIFFRACTION","2.8"
"2022-02-05_00000247_1","2022-02-05","0","0","46","7v6i [A]","620","X-RAY DIFFRACTION","2.51"
"2022-02-05_00000261_1","2022-02-05","1","0","50","7wew [A]","509","X-RAY DIFFRACTION","2.3"
"2022-01-29_00000000_1","2022-01-29","1","0","52","6y0d [A]","401","X-RAY DIFFRACTION","1.62"
"2022-01-29_00000033_1","2022-01-29","0","0","50","7e04 [A]","254","X-RAY DIFFRACTION","1.25"
"2022-01-29_00000040_1","2022-01-29","1","2","53","7e0l [A]","506","X-RAY DIFFRACTION","2.82"
"2022-01-29_00000058_1","2022-01-29","1","0","52","7lve [A]","47","SOLUTION NMR","0"
"2022-01-29_00000059_1","2022-01-29","1","0","48","7lvf [A]","57","SOLUTION NMR","0"
"2022-01-29_00000070_1","2022-01-29","1","1","50","7mkk [B]","78","X-RAY DIFFRACTION","2.5"
"2022-01-29_00000109_1","2022-01-29","1","0","49","7o9f [B]","310","X-RAY DIFFRACTION","2.51"
"2022-01-29_00000144_1","2022-01-29","1","0","44","7pmo [G]","849","X-RAY DIFFRACTION","2.1"
"2022-01-29_00000189_1","2022-01-29","0","2","46","7ry7 [A]","467","X-RAY DIFFRACTION","2.1"
"2022-01-29_00000197_1","2022-01-29","0","2","50","7s5c [A]","107","X-RAY DIFFRACTION","1.86"
"2022-01-29_00000199_1","2022-01-29","1","2","48","7s8t [J]","137","X-RAY DIFFRACTION","2.49"
"2022-01-29_00000208_1","2022-01-29","1","0","34","7skc [A]","34","SOLUTION NMR","0"
"2022-01-29_00000247_1","2022-01-29","1","0","50","7tmu [C]","150","X-RAY DIFFRACTION","2.55"
"2022-01-29_00000254_1","2022-01-29","1","0","51","7vjs [A]","246","X-RAY DIFFRACTION","1.792"
"2022-01-29_00000282_1","2022-01-29","0","2","49","7win [B]","112","X-RAY DIFFRACTION","1.95"
"2022-01-22_00000021_1","2022-01-22","1","0","45","7ea4 [A]","824","X-RAY DIFFRACTION","1.95"
"2022-01-22_00000022_1","2022-01-22","0","2","49","7ebt [B]","227","X-RAY DIFFRACTION","1.51"
"2022-01-22_00000030_1","2022-01-22","0","0","52","7ewu [B]","219","X-RAY DIFFRACTION","2.11"
"2022-01-22_00000045_1","2022-01-22","0","2","48","7jiz [A]","252","X-RAY DIFFRACTION","1.85"
"2022-01-22_00000046_1","2022-01-22","0","0","49","7jt9 [A]","71","X-RAY DIFFRACTION","1.93"
"2022-01-22_00000068_1","2022-01-22","0","0","48","7lgr [A]","177","X-RAY DIFFRACTION","1.6"
"2022-01-22_00000071_1","2022-01-22","2","0","54","7lsv [B]","178","X-RAY DIFFRACTION","1.58"
"2022-01-22_00000092_1","2022-01-22","0","2","51","7on9 [A]","402","X-RAY DIFFRACTION","1.63"
"2022-01-22_00000102_1","2022-01-22","1","2","50","7puo [A]","129","X-RAY DIFFRACTION","2.35"
"2022-01-22_00000169_1","2022-01-22","1","2","52","7stt [A]","459","X-RAY DIFFRACTION","1.603"
"2022-01-22_00000172_1","2022-01-22","0","1","51","7stz [C]","590","X-RAY DIFFRACTION","2.95"
"2022-01-22_00000173_1","2022-01-22","0","2","49","7ta9 [A]","288","X-RAY DIFFRACTION","1.5"
"2022-01-22_00000180_1","2022-01-22","1","0","50","7thw [A]","190","X-RAY DIFFRACTION","2.2"
"2022-01-22_00000183_1","2022-01-22","1","2","51","7tj1 [D]","156","X-RAY DIFFRACTION","2.1"
"2022-01-22_00000184_1","2022-01-22","2","2","52","7tkv [A]","668","X-RAY DIFFRACTION","2.8"
"2022-01-22_00000199_1","2022-01-22","1","2","48","7vw0 [B]","105","X-RAY DIFFRACTION","1.447"
"2022-01-15_00000004_1","2022-01-15","2","0","52","6zpp [A]","190","X-RAY DIFFRACTION","1.5"
"2022-01-15_00000007_1","2022-01-15","2","2","51","7bgs [B]","163","X-RAY DIFFRACTION","2.5"
"2022-01-15_00000018_1","2022-01-15","1","0","47","7dup [A]","534","X-RAY DIFFRACTION","1.62"
"2022-01-15_00000059_1","2022-01-15","0","2","48","7ffa [A]","431","X-RAY DIFFRACTION","1.98"
"2022-01-15_00000067_2","2022-01-15","2","1","51","7kpj [E]","272","X-RAY DIFFRACTION","2.1"
"2022-01-15_00000077_1","2022-01-15","0","0","45","7kw6 [A]","704","X-RAY DIFFRACTION","1.68"
"2022-01-15_00000081_1","2022-01-15","0","2","49","7l8n [A]","151","X-RAY DIFFRACTION","1.94"
"2022-01-15_00000091_1","2022-01-15","0","2","50","7lqm [D]","284","X-RAY DIFFRACTION","2.3"
"2022-01-15_00000092_1","2022-01-15","0","2","49","7lqn [A]","286","X-RAY DIFFRACTION","3"
"2022-01-15_00000096_1","2022-01-15","1","0","49","7mcc [A]","190","X-RAY DIFFRACTION","1.46"
"2022-01-15_00000102_1","2022-01-15","1","1","50","7mwr [A]","204","X-RAY DIFFRACTION","2.2"
"2022-01-15_00000111_1","2022-01-15","1","2","48","7ntn [A]","81","X-RAY DIFFRACTION","2.016"
"2022-01-15_00000124_1","2022-01-15","2","0","39","7os0 [A]","1304","X-RAY DIFFRACTION","2.2"
"2022-01-15_00000128_1","2022-01-15","1","0","48","7pab [A]","446","X-RAY DIFFRACTION","2.1"
"2022-01-15_00000142_1","2022-01-15","0","2","43","7pug [A]","842","X-RAY DIFFRACTION","2.66"
"2022-01-15_00000202_1","2022-01-15","1","2","50","7tb5 [A]","299","X-RAY DIFFRACTION","2.3"
"2022-01-15_00000209_1","2022-01-15","1","0","44","7thh [A]","131","X-RAY DIFFRACTION","1.32"
"2022-01-15_00000236_1","2022-01-15","0","2","47","7wgk [A]","227","X-RAY DIFFRACTION","3.13"
"2022-01-08_00000019_2","2022-01-08","1","1","52","7ab3 [E]","103","X-RAY DIFFRACTION","2.4"
"2022-01-08_00000039_1","2022-01-08","0","2","47","7b7t [A]","629","X-RAY DIFFRACTION","1.38"
"2022-01-08_00000069_1","2022-01-08","1","2","53","7b9p [A]","925","X-RAY DIFFRACTION","2.646"
"2022-01-08_00000087_1","2022-01-08","1","2","50","7bbz [A]","319","X-RAY DIFFRACTION","1.77"
"2022-01-08_00000092_1","2022-01-08","1","2","54","7bcb [B]","110","X-RAY DIFFRACTION","2.8"
"2022-01-08_00000122_1","2022-01-08","0","2","48","7bew [A]","333","X-RAY DIFFRACTION","2.25"
"2022-01-08_00000133_1","2022-01-08","0","2","36","7dt1 [A]","1047","X-RAY DIFFRACTION","2.43002"
"2022-01-08_00000152_1","2022-01-08","2","0","51","7ezg [A]","305","X-RAY DIFFRACTION","1.9"
"2022-01-08_00000158_1","2022-01-08","1","0","49","7f8a [A]","261","X-RAY DIFFRACTION","1.9"
"2022-01-08_00000164_1","2022-01-08","2","0","51","7kdx [B]","681","X-RAY DIFFRACTION","1.791"
"2022-01-08_00000227_1","2022-01-08","2","0","47","7prd [A]","125","SOLUTION NMR","0"
"2022-01-08_00000271_1","2022-01-08","1","2","52","7s94 [C]","98","X-RAY DIFFRACTION","2"
"2022-01-08_00000309_1","2022-01-08","1","2","41","7vee [A]","921","X-RAY DIFFRACTION","2.55"